created_at,id,id_str,text,full_text,truncated,entities,source,in_reply_to_status_id,in_reply_to_status_id_str,in_reply_to_user_id,in_reply_to_user_id_str,in_reply_to_screen_name,geo,coordinates,place,contributors,is_quote_status,retweet_count,favorite_count,favorited,favorited_by,retweeted,scopes,lang,possibly_sensitive,display_text_width,display_text_range,retweeted_status,quoted_status,quoted_status_id,quoted_status_id_str,quoted_status_permalink,quote_count,timestamp_ms,reply_count,filter_level,metadata,query,withheld_scope,withheld_copyright,withheld_in_countries,possibly_sensitive_appealable
2023-01-01T16:43:10Z,1609591069099921400,1609591069099921410,FELIZ A√ëOOOOOOOO,FELIZ A√ëOOOOOOOO,FALSE,,"<a href=""https://mobile.twitter.com"" rel=""nofollow"">Twitter Web App</a>",NA,NA,NA,NA,NA,,,,NA,FALSE,715,9651,FALSE,NA,FALSE,NA,es,NA,NA,16,NA,,NA,NA,,NA,NA,NA,NA,NA,NA,NA,NA,NA,NA
2022-12-25T14:57:51Z,1607027852100132900,1607027852100132869,¬°¬°Feliz Navidad a todos!!,¬°¬°Feliz Navidad a todos!!,FALSE,,"<a href=""https://mobile.twitter.com"" rel=""nofollow"">Twitter Web App</a>",NA,NA,NA,NA,NA,,,,NA,FALSE,780,11647,FALSE,NA,FALSE,NA,es,NA,NA,25,NA,,NA,NA,,NA,NA,NA,NA,NA,NA,NA,NA,NA,NA
2022-12-20T17:49:42Z,1.6052591597667041e+18,1605259159766704130,En fin.. ¬°Solo quer√≠a decir mil gracias otra vez por darnos tantas razones para esta felices este final de a√±o!,En fin.. ¬°Solo quer√≠a decir mil gracias otra vez por darnos tantas razones para esta felices este final de a√±o!,FALSE,,"<a href=""https://mobile.twitter.com"" rel=""nofollow"">Twitter Web App</a>",1605259158378655700,1605259158378655744,1088873691071549400,1088873691071549440,jpvillamil8,,,,NA,FALSE,192,3524,FALSE,NA,FALSE,NA,es,NA,NA,111,NA,,NA,NA,,NA,NA,NA,NA,NA,NA,NA,NA,NA,NA
2022-12-20T17:49:42Z,1605259158378655700,1605259158378655744,"Que linda coincidencia, adem√°s, tocar en nuestro primer estadio en Colombia el d√≠a de la final del mundial. Una final como ninguna. ¬°¬°Mil felicitaciones a todos los argentinos!! Seguro est√°n disfrut√°ndolo como nadie.","Que linda coincidencia, adem√°s, tocar en nuestro primer estadio en Colombia el d√≠a de la final del mundial. Una final como ninguna. ¬°¬°Mil felicitaciones a todos los argentinos!! Seguro est√°n disfrut√°ndolo como nadie.",FALSE,,"<a href=""https://mobile.twitter.com"" rel=""nofollow"">Twitter Web App</a>",1605259156721729500,1605259156721729538,1088873691071549400,1088873691071549440,jpvillamil8,,,,NA,FALSE,152,3471,FALSE,NA,FALSE,NA,es,NA,NA,216,NA,,NA,NA,,NA,NA,NA,NA,NA,NA,NA,NA,NA,NA
2022-12-20T17:49:41Z,1605259156721729500,1605259156721729538,Infinitas gracias a todos. No solo en Colombia sino en todos los pa√≠ses donde nos oyen porque este es un hito que todos nos ayudaron a construir.,Infinitas gracias a todos. No solo en Colombia sino en todos los pa√≠ses donde nos oyen porque este es un hito que todos nos ayudaron a construir.,FALSE,,"<a href=""https://mobile.twitter.com"" rel=""nofollow"">Twitter Web App</a>",1605259155287187500,1605259155287187458,1088873691071549400,1088873691071549440,jpvillamil8,,,,NA,FALSE,147,2688,FALSE,NA,FALSE,NA,es,NA,NA,145,NA,,NA,NA,,NA,NA,NA,NA,NA,NA,NA,NA,NA,NA
2022-12-20T17:49:41Z,1605259155287187500,1605259155287187458,"Estos d√≠as merec√≠an varios tweets pero, con tantas cosas pasando, no tuve tiempo de digerirlo.Hicimos 2 estadios en Colombia. No se puede pedir mucho m√°s que eso. Ese siempre fue el sue√±o.","Estos d√≠as merec√≠an varios tweets pero, con tantas cosas pasando, no tuve tiempo de digerirlo.Hicimos 2 estadios en Colombia. No se puede pedir mucho m√°s que eso. Ese siempre fue el sue√±o.",FALSE,,"<a href=""https://mobile.twitter.com"" rel=""nofollow"">Twitter Web App</a>",NA,NA,NA,NA,NA,,,,NA,FALSE,416,8735,FALSE,NA,FALSE,NA,es,NA,NA,188,NA,,NA,NA,,NA,NA,NA,NA,NA,NA,NA,NA,NA,NA
2022-12-08T22:25:58Z,1600980030527373300,1600980030527373312,Esta crack ‚ù§Ô∏è‚ù§Ô∏è https://t.co/JZqgPGMDD4,Esta crack ‚ù§Ô∏è‚ù§Ô∏è https://t.co/JZqgPGMDD4,FALSE,,"<a href=""https://mobile.twitter.com"" rel=""nofollow"">Twitter Web App</a>",NA,NA,NA,NA,NA,,,,NA,TRUE,84,2131,FALSE,NA,FALSE,NA,es,FALSE,NA,15,NA,,1596579691820884e3,1596579691820883969,,NA,NA,NA,NA,NA,NA,NA,NA,NA,NA
2022-12-06T17:44:49Z,1600184501979648e3,1600184501979648000,üò∞üò∞üò∞üò∞üò∞,üò∞üò∞üò∞üò∞üò∞,FALSE,,"<a href=""https://mobile.twitter.com"" rel=""nofollow"">Twitter Web App</a>",NA,NA,NA,NA,NA,,,,NA,FALSE,132,4042,FALSE,NA,FALSE,NA,art,NA,NA,5,NA,,NA,NA,,NA,NA,NA,NA,NA,NA,NA,NA,NA,NA
2022-11-23T18:16:55Z,1595481535351865300,1595481535351865360,"Que salvajada lo de Espa√±a, genio Luis Enrique.","Que salvajada lo de Espa√±a, genio Luis Enrique.",FALSE,,"<a href=""https://mobile.twitter.com"" rel=""nofollow"">Twitter Web App</a>",NA,NA,NA,NA,NA,,,,NA,FALSE,228,3970,FALSE,NA,FALSE,NA,es,NA,NA,47,NA,,NA,NA,,NA,NA,NA,NA,NA,NA,NA,NA,NA,NA
2022-11-23T15:19:31Z,1595436893285613600,1595436893285613569,"Para que me entiendan, @SimonVargasM se perfila para ganar la Porra/Polla/Quiniela mundialista que hicimos ac√°. Estoy irritable estos d√≠as.","Para que me entiendan, @SimonVargasM se perfila para ganar la Porra/Polla/Quiniela mundialista que hicimos ac√°. Estoy irritable estos d√≠as.",FALSE,,"<a href=""https://mobile.twitter.com"" rel=""nofollow"">Twitter Web App</a>",NA,NA,NA,NA,NA,,,,NA,FALSE,224,5996,FALSE,NA,FALSE,NA,es,NA,NA,139,NA,,NA,NA,,NA,NA,NA,NA,NA,NA,NA,NA,NA,NA
2022-11-22T22:00:59Z,1595175534874529800,1595175534874529809,"¬° @2010MisterChip   Crack! ¬øPregunta ser√≠a, cuando fue la √∫ltima vez que un jugador jug√≥ un mundial sin tener equipo? ¬øCristiano ser√≠a el primero?","¬° @2010MisterChip   Crack! ¬øPregunta ser√≠a, cuando fue la √∫ltima vez que un jugador jug√≥ un mundial sin tener equipo? ¬øCristiano ser√≠a el primero?",FALSE,,"<a href=""https://mobile.twitter.com"" rel=""nofollow"">Twitter Web App</a>",NA,NA,NA,NA,NA,,,,NA,FALSE,100,2586,FALSE,NA,FALSE,NA,es,NA,NA,146,NA,,NA,NA,,NA,NA,NA,NA,NA,NA,NA,NA,NA,NA
2022-11-22T17:16:03Z,1595103830827761700,1595103830827761664,MEMOOOOOOOOO,MEMOOOOOOOOO,FALSE,,"<a href=""https://mobile.twitter.com"" rel=""nofollow"">Twitter Web App</a>",NA,NA,NA,NA,NA,,,,NA,FALSE,825,9580,FALSE,NA,FALSE,NA,es,NA,NA,12,NA,,NA,NA,,NA,NA,NA,NA,NA,NA,NA,NA,NA,NA
2022-11-21T18:04:50Z,1594753719446421500,1594753719446421529,Los tiempos de reposici√≥n de este mundial‚Ä¶ ü§Ø,Los tiempos de reposici√≥n de este mundial‚Ä¶ ü§Ø,FALSE,,"<a href=""https://mobile.twitter.com"" rel=""nofollow"">Twitter Web App</a>",NA,NA,NA,NA,NA,,,,NA,FALSE,197,4777,FALSE,NA,FALSE,NA,es,NA,NA,44,NA,,NA,NA,,NA,NA,NA,NA,NA,NA,NA,NA,NA,NA
2022-11-20T16:08:47Z,1594362128701481e3,1594362128701480971,¬øQUE?!!!!!!!,¬øQUE?!!!!!!!,FALSE,,"<a href=""https://mobile.twitter.com"" rel=""nofollow"">Twitter Web App</a>",NA,NA,NA,NA,NA,,,,NA,FALSE,318,7017,FALSE,NA,FALSE,NA,und,NA,NA,12,NA,,NA,NA,,NA,NA,NA,NA,NA,NA,NA,NA,NA,NA
2022-11-04T00:35:00Z,1588328928204279800,1588328928204279809,¬°¬°¬°SALI√ì ‚ÄúSI AYER FUERA HOY‚Äù!!! VAMOOOOOOOOOS,¬°¬°¬°SALI√ì ‚ÄúSI AYER FUERA HOY‚Äù!!! VAMOOOOOOOOOS,FALSE,,"<a href=""https://mobile.twitter.com"" rel=""nofollow"">Twitter Web App</a>",NA,NA,NA,NA,NA,,,,NA,FALSE,2007,14634,FALSE,NA,FALSE,NA,es,NA,NA,45,NA,,NA,NA,,NA,NA,NA,NA,NA,NA,NA,NA,NA,NA
2022-10-28T01:03:41Z,1585799430132883500,1585799430132883456,¬°¬°¬øY entonces?!! ¬ø¬ø¬øSALIR CON VIDA???,¬°¬°¬øY entonces?!! ¬ø¬ø¬øSALIR CON VIDA???,FALSE,,"<a href=""https://mobile.twitter.com"" rel=""nofollow"">Twitter Web App</a>",NA,NA,NA,NA,NA,,,,NA,FALSE,825,10076,FALSE,NA,FALSE,NA,es,NA,NA,37,NA,,NA,NA,,NA,NA,NA,NA,NA,NA,NA,NA,NA,NA
2022-10-26T13:18:13Z,1585259505189019600,1585259505189019648,VAMOOOOOOOOOOOOS üá®üá¥üá®üá¥üá®üá¥üá®üá¥üá®üá¥üá®üá¥,VAMOOOOOOOOOOOOS üá®üá¥üá®üá¥üá®üá¥üá®üá¥üá®üá¥üá®üá¥,FALSE,,"<a href=""https://mobile.twitter.com"" rel=""nofollow"">Twitter Web App</a>",NA,NA,NA,NA,NA,,,,NA,FALSE,213,4438,FALSE,NA,FALSE,NA,es,NA,NA,29,NA,,NA,NA,,NA,NA,NA,NA,NA,NA,NA,NA,NA,NA
2022-10-09T15:05:00Z,157912578590208e4,1579125785902080004,"Lo mejor de todo es saber que todav√≠a nos queda un segundo show hoy en Santiago. ¬°Inolvidable lo de ayer, Chile!","Lo mejor de todo es saber que todav√≠a nos queda un segundo show hoy en Santiago. ¬°Inolvidable lo de ayer, Chile!",FALSE,,"<a href=""https://mobile.twitter.com"" rel=""nofollow"">Twitter Web App</a>",NA,NA,NA,NA,NA,,,,NA,FALSE,286,5344,FALSE,NA,FALSE,NA,es,NA,NA,112,NA,,NA,NA,,NA,NA,NA,NA,NA,NA,NA,NA,NA,NA
2022-10-02T12:40:51Z,1576552794819297300,1576552794819297282,"Sitio tur√≠stico que se respete despu√©s del covid, dej√≥ todos los dispensadores de gel pero los dej√≥ vac√≠os.","Sitio tur√≠stico que se respete despu√©s del covid, dej√≥ todos los dispensadores de gel pero los dej√≥ vac√≠os.",FALSE,,"<a href=""https://mobile.twitter.com"" rel=""nofollow"">Twitter Web App</a>",NA,NA,NA,NA,NA,,,,NA,FALSE,231,4920,FALSE,NA,FALSE,NA,es,NA,NA,107,NA,,NA,NA,,NA,NA,NA,NA,NA,NA,NA,NA,NA,NA
2022-09-24T18:38:06Z,1573743593445097500,1573743593445097480,¬°¬°Hay muchas buenas noticias estos d√≠as!! ¬°¬°Mil gracias a todo el mundo!! ¬°Quedan  d√≠as muy emocionantes por delante!,¬°¬°Hay muchas buenas noticias estos d√≠as!! ¬°¬°Mil gracias a todo el mundo!! ¬°Quedan  d√≠as muy emocionantes por delante!,FALSE,,"<a href=""https://mobile.twitter.com"" rel=""nofollow"">Twitter Web App</a>",NA,NA,NA,NA,NA,,,,NA,FALSE,317,5726,FALSE,NA,FALSE,NA,es,NA,NA,117,NA,,NA,NA,,NA,NA,NA,NA,NA,NA,NA,NA,NA,NA
2022-09-21T14:14:15Z,1572590031956500500,1572590031956500480,¬°¬°VAMOS MEDELL√çN!!,¬°¬°VAMOS MEDELL√çN!!,FALSE,,"<a href=""https://mobile.twitter.com"" rel=""nofollow"">Twitter Web App</a>",NA,NA,NA,NA,NA,,,,NA,FALSE,317,5839,FALSE,NA,FALSE,NA,es,NA,NA,18,NA,,NA,NA,,NA,NA,NA,NA,NA,NA,NA,NA,NA,NA
2022-09-02T00:20:18Z,1565494793614069800,1565494793614069767,"¬ø¬ø¬ø¬øY entonces???? ¬øQue opinaron? 506, banjo, no s√©‚Ä¶ pi√©nselo. ¬°¬°Por otro lado, mil gracias a todos y todas por sus mensajes de cumplea√±os!! ¬°Me alegraron intensamente el d√≠a!","¬ø¬ø¬ø¬øY entonces???? ¬øQue opinaron? 506, banjo, no s√©‚Ä¶ pi√©nselo. ¬°¬°Por otro lado, mil gracias a todos y todas por sus mensajes de cumplea√±os!! ¬°Me alegraron intensamente el d√≠a!",FALSE,,"<a href=""https://mobile.twitter.com"" rel=""nofollow"">Twitter Web App</a>",NA,NA,NA,NA,NA,,,,NA,FALSE,749,11919,FALSE,NA,FALSE,NA,es,NA,NA,175,NA,,NA,NA,,NA,NA,NA,NA,NA,NA,NA,NA,NA,NA
2022-08-25T10:15:14Z,1562745408345976800,1562745408345976835,Un d√≠a eres un ni√±o que se pide ser Nemanja Vidic en el partido de recreo y al otro eres mayor que la mayor√≠a de jugadores que van al mundial.,Un d√≠a eres un ni√±o que se pide ser Nemanja Vidic en el partido de recreo y al otro eres mayor que la mayor√≠a de jugadores que van al mundial.,FALSE,,"<a href=""https://mobile.twitter.com"" rel=""nofollow"">Twitter Web App</a>",NA,NA,NA,NA,NA,,,,NA,FALSE,153,3612,FALSE,NA,FALSE,NA,es,NA,NA,142,NA,,NA,NA,,NA,NA,NA,NA,NA,NA,NA,NA,NA,NA
2022-08-20T14:25:55Z,1560996554806272e3,1560996554806272000,Estaba optimista con el fichaje de Casemiro por el United hasta que un amigo ayer me dijo: ‚ÄúEl United es la nueva MLS. Van a ganar plata sin la presi√≥n de que hay que ganar t√≠tulos‚Äù. Y lo peor es que creo que tiene raz√≥n. ü§¶üèª‚Äç‚ôÇÔ∏è,Estaba optimista con el fichaje de Casemiro por el United hasta que un amigo ayer me dijo: ‚ÄúEl United es la nueva MLS. Van a ganar plata sin la presi√≥n de que hay que ganar t√≠tulos‚Äù. Y lo peor es que creo que tiene raz√≥n. ü§¶üèª‚Äç‚ôÇÔ∏è,FALSE,,"<a href=""https://mobile.twitter.com"" rel=""nofollow"">Twitter Web App</a>",NA,NA,NA,NA,NA,,,,NA,FALSE,86,2626,FALSE,NA,FALSE,NA,es,NA,NA,227,NA,,NA,NA,,NA,NA,NA,NA,NA,NA,NA,NA,NA,NA
2022-08-17T22:15:44Z,1560027627280375800,1560027627280375810,Elon Musk est√° jugando conmigo.,Elon Musk est√° jugando conmigo.,FALSE,,"<a href=""https://mobile.twitter.com"" rel=""nofollow"">Twitter Web App</a>",NA,NA,NA,NA,NA,,,,NA,FALSE,128,3307,FALSE,NA,FALSE,NA,es,NA,NA,31,NA,,NA,NA,,NA,NA,NA,NA,NA,NA,NA,NA,NA,NA
2022-08-13T17:23:20Z,1558504489061163e3,1558504489061163008,"Es exactamente as√≠, la cosa. https://t.co/2BchYgK8TE","Es exactamente as√≠, la cosa. https://t.co/2BchYgK8TE",FALSE,,"<a href=""https://mobile.twitter.com"" rel=""nofollow"">Twitter Web App</a>",NA,NA,NA,NA,NA,,,,NA,TRUE,98,2031,FALSE,NA,FALSE,NA,es,FALSE,NA,28,NA,,1558500921377800200,1558500921377800197,,NA,NA,NA,NA,NA,NA,NA,NA,NA,NA
2022-08-09T11:06:05Z,1556959999808741400,1556959999808741376,"@LeonardBtura ¬°¬°A ti, por el trabajo incansable y adem√°s hacer parte de esto!!","@LeonardBtura ¬°¬°A ti, por el trabajo incansable y adem√°s hacer parte de esto!!",FALSE,,"<a href=""https://mobile.twitter.com"" rel=""nofollow"">Twitter Web App</a>",1556841193065029600,1556841193065029634,2948653018,2948653018,LeonardBtura,,,,NA,FALSE,1,83,FALSE,NA,FALSE,NA,es,NA,NA,78,NA,,NA,NA,,NA,NA,NA,NA,NA,NA,NA,NA,NA,NA
2022-08-09T00:34:34Z,1556801073482006500,1556801073482006529,"Un gigantesco agradecimiento a @DanielSamperO porque sin su apoyo, esto no ser√≠a ni la mitad de lo que es para m√≠.","Un gigantesco agradecimiento a @DanielSamperO porque sin su apoyo, esto no ser√≠a ni la mitad de lo que es para m√≠.",FALSE,,"<a href=""https://mobile.twitter.com"" rel=""nofollow"">Twitter Web App</a>",NA,NA,NA,NA,NA,,,,NA,FALSE,157,3133,FALSE,NA,FALSE,NA,es,NA,NA,114,NA,,NA,NA,,NA,NA,NA,NA,NA,NA,NA,NA,NA,NA
2022-08-09T00:30:02Z,1556799932450979800,1556799932450979842,Hoy no les pregunto. Las cometas siempre vuelan en agosto.,Hoy no les pregunto. Las cometas siempre vuelan en agosto.,FALSE,,"<a href=""https://mobile.twitter.com"" rel=""nofollow"">Twitter Web App</a>",NA,NA,NA,NA,NA,,,,NA,FALSE,828,8237,FALSE,NA,FALSE,NA,es,NA,NA,58,NA,,NA,NA,,NA,NA,NA,NA,NA,NA,NA,NA,NA,NA
2022-08-05T22:40:51Z,1555685291922530300,1555685291922530304,"¬°¬°¬°Per√∫, Chile y ahora Argentinaaaa!!! ¬°¬°¬°Que segunda mitad del a√±o la que se vieneeeeee!!! ü§Øü§Øü§Ø ¬°gracias a todos, de verdad!","¬°¬°¬°Per√∫, Chile y ahora Argentinaaaa!!! ¬°¬°¬°Que segunda mitad del a√±o la que se vieneeeeee!!! ü§Øü§Øü§Ø ¬°gracias a todos, de verdad!",FALSE,,"<a href=""https://mobile.twitter.com"" rel=""nofollow"">Twitter Web App</a>",NA,NA,NA,NA,NA,,,,NA,FALSE,244,4565,FALSE,NA,FALSE,NA,es,NA,NA,124,NA,,NA,NA,,NA,NA,NA,NA,NA,NA,NA,NA,NA,NA
2022-08-04T20:32:33Z,1555290614941581300,1555290614941581312,"¬°Un placer tenerte, genio! https://t.co/NyhxuwJNMB","¬°Un placer tenerte, genio! https://t.co/NyhxuwJNMB",FALSE,,"<a href=""https://mobile.twitter.com"" rel=""nofollow"">Twitter Web App</a>",NA,NA,NA,NA,NA,,,,NA,TRUE,122,2115,FALSE,NA,FALSE,NA,es,FALSE,NA,26,NA,,1554817020935430100,1554817020935430144,,NA,NA,NA,NA,NA,NA,NA,NA,NA,NA
2022-07-29T21:51:44Z,1553136215838412800,1553136215838412803,"¬°¬øY entonces, valen m√°s?!","¬°¬øY entonces, valen m√°s?!",FALSE,,"<a href=""https://mobile.twitter.com"" rel=""nofollow"">Twitter Web App</a>",NA,NA,NA,NA,NA,,,,NA,FALSE,734,8657,FALSE,NA,FALSE,NA,es,NA,NA,25,NA,,NA,NA,,NA,NA,NA,NA,NA,NA,NA,NA,NA,NA
2022-07-26T17:12:32Z,1551978788279435300,1551978788279435270,Empez√≥. https://t.co/jAWLx7n57m,Empez√≥. https://t.co/jAWLx7n57m,FALSE,,"<a href=""https://mobile.twitter.com"" rel=""nofollow"">Twitter Web App</a>",NA,NA,NA,NA,NA,,,,NA,TRUE,393,4561,FALSE,NA,FALSE,NA,es,FALSE,NA,7,NA,,1551978182730973200,1551978182730973187,,NA,NA,NA,NA,NA,NA,NA,NA,NA,NA
2022-07-26T01:12:42Z,1551737239268466700,1551737239268466688,Vamos la sele!! Me toc√≥ perderme el segundo tiempo pero andamos haciendo fuerza desde el aire!!,Vamos la sele!! Me toc√≥ perderme el segundo tiempo pero andamos haciendo fuerza desde el aire!!,FALSE,,"<a href=""https://mobile.twitter.com"" rel=""nofollow"">Twitter Web App</a>",NA,NA,NA,NA,NA,,,,NA,FALSE,130,3881,FALSE,NA,FALSE,NA,es,NA,NA,95,NA,,NA,NA,,NA,NA,NA,NA,NA,NA,NA,NA,NA,NA
2022-07-24T17:04:25Z,1551251969662222300,1551251969662222337,Las mujeres en semifinales de la Copa Am√©rica y sin liga iron√≠as de la vida. ü§¶üèª‚Äç‚ôÇÔ∏è,Las mujeres en semifinales de la Copa Am√©rica y sin liga iron√≠as de la vida. ü§¶üèª‚Äç‚ôÇÔ∏è,FALSE,,"<a href=""https://mobile.twitter.com"" rel=""nofollow"">Twitter Web App</a>",NA,NA,NA,NA,NA,,,,NA,FALSE,523,6065,FALSE,NA,FALSE,NA,es,NA,NA,82,NA,,NA,NA,,NA,NA,NA,NA,NA,NA,NA,NA,NA,NA
2022-07-22T10:29:58Z,1550427930198769700,1550427930198769666,Decepciones del 2022: presionar un dispensador de antibacterial y que no haya.,Decepciones del 2022: presionar un dispensador de antibacterial y que no haya.,FALSE,,"<a href=""https://mobile.twitter.com"" rel=""nofollow"">Twitter Web App</a>",NA,NA,NA,NA,NA,,,,NA,FALSE,676,7949,FALSE,NA,FALSE,NA,es,NA,NA,78,NA,,NA,NA,,NA,NA,NA,NA,NA,NA,NA,NA,NA,NA
2022-07-21T15:06:00Z,1550135007846572e3,1550135007846572032,@malikitsmylife_ Bastante impresionante jajaja,@malikitsmylife_ Bastante impresionante jajaja,FALSE,,"<a href=""https://mobile.twitter.com"" rel=""nofollow"">Twitter Web App</a>",1549564348284244e3,1549564348284243968,113998549,113998549,malikitsmylife_,,,,NA,FALSE,66,2264,FALSE,NA,FALSE,NA,es,NA,NA,46,NA,,NA,NA,,NA,NA,NA,NA,NA,NA,NA,NA,NA,NA
2022-07-21T15:03:51Z,1550134464524714e3,1550134464524713985,Hay 2 tipos de m√∫sicos: los que ponen el capo hacia abajo en la guitarra y los que lo hacen mal jajaja,Hay 2 tipos de m√∫sicos: los que ponen el capo hacia abajo en la guitarra y los que lo hacen mal jajaja,FALSE,,"<a href=""https://mobile.twitter.com"" rel=""nofollow"">Twitter Web App</a>",NA,NA,NA,NA,NA,,,,NA,FALSE,203,4081,FALSE,NA,FALSE,NA,es,NA,NA,102,NA,,NA,NA,,NA,NA,NA,NA,NA,NA,NA,NA,NA,NA
2022-07-21T03:05:41Z,1549953734674882600,1549953734674882562,Leicy Santos y la Selecci√≥n femenina de f√∫tbol ‚ù§Ô∏è @leicysantos10,Leicy Santos y la Selecci√≥n femenina de f√∫tbol ‚ù§Ô∏è @leicysantos10,FALSE,,"<a href=""https://mobile.twitter.com"" rel=""nofollow"">Twitter Web App</a>",NA,NA,NA,NA,NA,,,,NA,FALSE,112,2433,FALSE,NA,FALSE,NA,es,NA,NA,64,NA,,NA,NA,,NA,NA,NA,NA,NA,NA,NA,NA,NA,NA
2022-07-18T23:24:11Z,1549173217503461400,1549173217503461378,Hace poco tuve el placer de conocer a @LeonardBtura. Muy interesante ver como el rap cobra cada vez mas importancia en Colombia! Ac√° les dejo su m√°s reciente sencillo: https://t.co/dUyJyBnKFh,Hace poco tuve el placer de conocer a @LeonardBtura. Muy interesante ver como el rap cobra cada vez mas importancia en Colombia! Ac√° les dejo su m√°s reciente sencillo: https://t.co/dUyJyBnKFh,FALSE,,"<a href=""https://mobile.twitter.com"" rel=""nofollow"">Twitter Web App</a>",NA,NA,NA,NA,NA,,,,NA,FALSE,81,1825,FALSE,NA,FALSE,NA,es,FALSE,NA,191,NA,,NA,NA,,NA,NA,NA,NA,NA,NA,NA,NA,NA,NA
2022-07-08T20:35:43Z,1545506941144899600,1545506941144899590,Tu tan Wii yo tan Mortal Kombat,Tu tan Wii yo tan Mortal Kombat,FALSE,,"<a href=""https://mobile.twitter.com"" rel=""nofollow"">Twitter Web App</a>",NA,NA,NA,NA,NA,,,,NA,FALSE,285,3591,FALSE,NA,FALSE,NA,in,NA,NA,31,NA,,NA,NA,,NA,NA,NA,NA,NA,NA,NA,NA,NA,NA
2022-07-07T12:25:53Z,1545021284429578200,1545021284429578241,"Piano, piano si arriva a Milano","Piano, piano si arriva a Milano",FALSE,,"<a href=""https://mobile.twitter.com"" rel=""nofollow"">Twitter Web App</a>",NA,NA,NA,NA,NA,,,,NA,FALSE,205,4221,FALSE,NA,FALSE,NA,it,NA,NA,31,NA,,NA,NA,,NA,NA,NA,NA,NA,NA,NA,NA,NA,NA
2022-06-29T13:17:29Z,1542135165882974200,1542135165882974208,@Vanisterror Ni locos.,@Vanisterror Ni locos.,FALSE,,"<a href=""https://mobile.twitter.com"" rel=""nofollow"">Twitter Web App</a>",1542132752253915100,1542132752253915136,1358494982,1358494982,Vanisterror,,,,NA,FALSE,6,275,FALSE,NA,FALSE,NA,es,NA,NA,22,NA,,NA,NA,,NA,NA,NA,NA,NA,NA,NA,NA,NA,NA
2022-06-28T18:25:03Z,1541850176847073300,1541850176847073281,ü§ôüèΩü§ôüèΩü§ôüèΩü§ôüèΩ https://t.co/bXJR2aM0cs,ü§ôüèΩü§ôüèΩü§ôüèΩü§ôüèΩ https://t.co/bXJR2aM0cs,FALSE,,"<a href=""https://mobile.twitter.com"" rel=""nofollow"">Twitter Web App</a>",NA,NA,NA,NA,NA,,,,NA,TRUE,28,1171,FALSE,NA,FALSE,NA,art,FALSE,NA,8,NA,,1541134127184887800,1541134127184887808,,NA,NA,NA,NA,NA,NA,NA,NA,NA,NA
2022-06-28T16:08:58Z,1.5418159316466401e+18,1541815931646640129,Hoy es un d√≠a muy importante en la historia de Colombia. Muy contentos de poder ser testigos de esto. @ComisionVerdadC https://t.co/cftCla9UQd,Hoy es un d√≠a muy importante en la historia de Colombia. Muy contentos de poder ser testigos de esto. @ComisionVerdadC https://t.co/cftCla9UQd,FALSE,,"<a href=""https://mobile.twitter.com"" rel=""nofollow"">Twitter Web App</a>",NA,NA,NA,NA,NA,,,,NA,TRUE,161,2598,FALSE,NA,FALSE,NA,es,FALSE,NA,118,NA,,1541814362184245200,1541814362184245248,,NA,NA,NA,NA,NA,NA,NA,NA,NA,NA
2022-06-27T18:50:03Z,1541494084438737e3,1541494084438736896,"Les voy a decir la verdad: siendo una banda, probablemente el 90% de las veces que nos hacen entrevistas para medios escritos, confunden qui√©n dijo qu√© jajaja as√≠ que siempre  l√©anlas como los #MoratSinContexto","Les voy a decir la verdad: siendo una banda, probablemente el 90% de las veces que nos hacen entrevistas para medios escritos, confunden qui√©n dijo qu√© jajaja as√≠ que siempre  l√©anlas como los #MoratSinContexto",FALSE,,"<a href=""https://mobile.twitter.com"" rel=""nofollow"">Twitter Web App</a>",NA,NA,NA,NA,NA,,,,NA,FALSE,390,6600,FALSE,NA,FALSE,NA,es,NA,NA,210,NA,,NA,NA,,NA,NA,NA,NA,NA,NA,NA,NA,NA,NA
2022-06-22T16:52:59Z,153965268238583e4,1539652682385829888,"Otro episodio: ¬øqui√©n lo dijo?

‚ÄúLlega un momento del d√≠a en el que uno se tiene que empelotar‚Äù.

#MoratSinContexto","Otro episodio: ¬øqui√©n lo dijo?

‚ÄúLlega un momento del d√≠a en el que uno se tiene que empelotar‚Äù.

#MoratSinContexto",FALSE,,"<a href=""https://mobile.twitter.com"" rel=""nofollow"">Twitter Web App</a>",NA,NA,NA,NA,NA,,,,NA,FALSE,152,2009,FALSE,NA,FALSE,NA,es,NA,NA,115,NA,,NA,NA,,NA,NA,NA,NA,NA,NA,NA,NA,NA,NA
2022-06-09T18:12:37Z,1534961679913603e3,1534961679913603089,MILANOOOOOOOO,MILANOOOOOOOO,FALSE,,"<a href=""https://mobile.twitter.com"" rel=""nofollow"">Twitter Web App</a>",NA,NA,NA,NA,NA,,,,NA,FALSE,168,3558,FALSE,NA,FALSE,NA,tl,NA,NA,13,NA,,NA,NA,,NA,NA,NA,NA,NA,NA,NA,NA,NA,NA
2022-06-08T14:27:51Z,1534542729564283e3,1534542729564282880,@enamorataitalia @juanes üëÄüëÄüëÄüëÄ,@enamorataitalia @juanes üëÄüëÄüëÄüëÄ,FALSE,,"<a href=""https://mobile.twitter.com"" rel=""nofollow"">Twitter Web App</a>",1534417050030030800,1534417050030030848,1333836156979605500,1333836156979605504,enamorataitalia,,,,NA,FALSE,20,290,FALSE,NA,FALSE,NA,und,NA,NA,29,NA,,NA,NA,,NA,NA,NA,NA,NA,NA,NA,NA,NA,NA
2022-06-07T22:47:46Z,1534306150317015e3,1534306150317015042,"Como dijo el fil√≥sofo contempor√°neo @juanes, ‚Äúse fue la luz en todo el barrio‚Äù.","Como dijo el fil√≥sofo contempor√°neo @juanes, ‚Äúse fue la luz en todo el barrio‚Äù.",FALSE,,"<a href=""https://mobile.twitter.com"" rel=""nofollow"">Twitter Web App</a>",NA,NA,NA,NA,NA,,,,NA,FALSE,336,5572,FALSE,NA,FALSE,NA,es,NA,NA,79,NA,,NA,NA,,NA,NA,NA,NA,NA,NA,NA,NA,NA,NA
2022-06-01T23:41:22Z,1532145310180511700,1532145310180511744,"@SebastianNohra No le coma, no le coma jaja","@SebastianNohra No le coma, no le coma jaja",FALSE,,"<a href=""https://mobile.twitter.com"" rel=""nofollow"">Twitter Web App</a>",1532091832368242700,1532091832368242688,548119075,548119075,SebastianNohra,,,,NA,FALSE,25,1313,FALSE,NA,FALSE,NA,es,NA,NA,43,NA,,NA,NA,,NA,NA,NA,NA,NA,NA,NA,NA,NA,NA
2022-05-30T17:49:20Z,1531331940988723200,1531331940988723200,"A continuaci√≥n, la respuesta de un tipo con exceso de autoestima y d√©ficit de argumentos: https://t.co/XuwuM8AkgD","A continuaci√≥n, la respuesta de un tipo con exceso de autoestima y d√©ficit de argumentos: https://t.co/XuwuM8AkgD",FALSE,,"<a href=""https://mobile.twitter.com"" rel=""nofollow"">Twitter Web App</a>",NA,NA,NA,NA,NA,,,,NA,TRUE,108,3209,FALSE,NA,FALSE,NA,es,FALSE,NA,89,NA,,1531015425668092e3,1531015425668091911,,NA,NA,NA,NA,NA,NA,NA,NA,NA,NA
2022-05-29T18:17:02Z,1530976524140261400,1530976524140261377,"Qu√© complejo veo el panorama electoral hoy. Mi voto sin duda no ser√° muy popular por ac√° en Twitter, pero es un voto por quien creo que es el candidato m√°s sensato. Hoy voto por Fajardo. No es un voto con 100% de simpat√≠a pero s√≠ con 100% de reflexi√≥n.","Qu√© complejo veo el panorama electoral hoy. Mi voto sin duda no ser√° muy popular por ac√° en Twitter, pero es un voto por quien creo que es el candidato m√°s sensato. Hoy voto por Fajardo. No es un voto con 100% de simpat√≠a pero s√≠ con 100% de reflexi√≥n.",FALSE,,"<a href=""https://mobile.twitter.com"" rel=""nofollow"">Twitter Web App</a>",NA,NA,NA,NA,NA,,,,NA,FALSE,550,11202,FALSE,NA,FALSE,NA,es,NA,NA,252,NA,,NA,NA,,NA,NA,NA,NA,NA,NA,NA,NA,NA,NA
2022-05-29T09:42:06Z,1530846937896964e3,1530846937896964097,Per√∫ üëÄüëÄüëÄ,Per√∫ üëÄüëÄüëÄ,FALSE,,"<a href=""https://mobile.twitter.com"" rel=""nofollow"">Twitter Web App</a>",NA,NA,NA,NA,NA,,,,NA,FALSE,341,7179,FALSE,NA,FALSE,NA,es,NA,NA,8,NA,,NA,NA,,NA,NA,NA,NA,NA,NA,NA,NA,NA,NA
2022-05-29T02:19:45Z,1530735618363478e3,1530735618363478018,‚ÄúYo tambi√©n quiero dormir‚Äù #elPoetaMau @MauYRicky,‚ÄúYo tambi√©n quiero dormir‚Äù #elPoetaMau @MauYRicky,FALSE,,"<a href=""https://mobile.twitter.com"" rel=""nofollow"">Twitter Web App</a>",NA,NA,NA,NA,NA,,,,NA,FALSE,205,3895,FALSE,NA,FALSE,NA,es,NA,NA,49,NA,,NA,NA,,NA,NA,NA,NA,NA,NA,NA,NA,NA,NA
2022-05-20T00:36:45Z,1527448204329074700,1527448204329074688,Hag√°moslo: ¬øqu√© tal les pareci√≥ Par√≠s? üß®üß®üß®üß®,Hag√°moslo: ¬øqu√© tal les pareci√≥ Par√≠s? üß®üß®üß®üß®,FALSE,,"<a href=""https://mobile.twitter.com"" rel=""nofollow"">Twitter Web App</a>",NA,NA,NA,NA,NA,,,,NA,FALSE,621,14762,FALSE,NA,FALSE,NA,es,NA,NA,43,NA,,NA,NA,,NA,NA,NA,NA,NA,NA,NA,NA,NA,NA
2022-05-17T20:13:51Z,1526657268254707700,1526657268254707713,DUKOOOO @DukiSSJ,DUKOOOO @DukiSSJ,FALSE,,"<a href=""https://mobile.twitter.com"" rel=""nofollow"">Twitter Web App</a>",NA,NA,NA,NA,NA,,,,NA,FALSE,610,9430,FALSE,NA,FALSE,NA,eu,NA,NA,16,NA,,NA,NA,,NA,NA,NA,NA,NA,NA,NA,NA,NA,NA
2022-05-14T02:15:43Z,1525298786188284e3,1525298786188283904,@malikitsmylife_ Lo firmo.,@malikitsmylife_ Lo firmo.,FALSE,,"<a href=""https://mobile.twitter.com"" rel=""nofollow"">Twitter Web App</a>",1525268839818178600,1525268839818178560,113998549,113998549,malikitsmylife_,,,,NA,FALSE,118,3550,FALSE,NA,FALSE,NA,es,NA,NA,26,NA,,NA,NA,,NA,NA,NA,NA,NA,NA,NA,NA,NA,NA
2022-05-10T14:49:07Z,1524038832827601e3,1524038832827600896,Lo que m√°s me emociona de Ten Hag es que es el primer t√©cnico del que se habla de a√±os de desarrollo y reconstrucci√≥n de la plantilla. Hace falta creer en los procesos y en la continuidad. El camino es lento pero seguro. https://t.co/Gl4OziUQY4,Lo que m√°s me emociona de Ten Hag es que es el primer t√©cnico del que se habla de a√±os de desarrollo y reconstrucci√≥n de la plantilla. Hace falta creer en los procesos y en la continuidad. El camino es lento pero seguro. https://t.co/Gl4OziUQY4,FALSE,,"<a href=""https://mobile.twitter.com"" rel=""nofollow"">Twitter Web App</a>",NA,NA,NA,NA,NA,,,,NA,FALSE,66,2011,FALSE,NA,FALSE,NA,es,FALSE,NA,220,NA,,NA,NA,,NA,NA,NA,NA,NA,NA,NA,NA,NA,NA
2022-05-08T04:22:56Z,1523156472099913700,1523156472099913728,Cho‚Äô Pato‚Ä¶ No se puede ser tan ligero con las palabras‚Ä¶ ü§¶üèª‚Äç‚ôÇÔ∏è https://t.co/zTEYSfw78K,Cho‚Äô Pato‚Ä¶ No se puede ser tan ligero con las palabras‚Ä¶ ü§¶üèª‚Äç‚ôÇÔ∏è https://t.co/zTEYSfw78K,FALSE,,"<a href=""https://mobile.twitter.com"" rel=""nofollow"">Twitter Web App</a>",NA,NA,NA,NA,NA,,,,NA,TRUE,49,1825,FALSE,NA,FALSE,NA,es,FALSE,NA,61,NA,,1523092892117454800,1523092892117454849,,NA,NA,NA,NA,NA,NA,NA,NA,NA,NA
2022-05-07T17:54:38Z,1522998354199945200,1522998354199945217,Hoy ni me vi el partido del United‚Ä¶ menos mal.,Hoy ni me vi el partido del United‚Ä¶ menos mal.,FALSE,,"<a href=""https://mobile.twitter.com"" rel=""nofollow"">Twitter Web App</a>",NA,NA,NA,NA,NA,,,,NA,FALSE,121,4082,FALSE,NA,FALSE,NA,es,NA,NA,46,NA,,NA,NA,,NA,NA,NA,NA,NA,NA,NA,NA,NA,NA
2022-05-06T16:40:24Z,1522617284153553e3,1522617284153552896,Nadal-Alcaraz üëÄüëÄ,Nadal-Alcaraz üëÄüëÄ,FALSE,,"<a href=""https://mobile.twitter.com"" rel=""nofollow"">Twitter Web App</a>",NA,NA,NA,NA,NA,,,,NA,FALSE,106,2764,FALSE,NA,FALSE,NA,es,NA,NA,16,NA,,NA,NA,,NA,NA,NA,NA,NA,NA,NA,NA,NA,NA
2022-05-06T15:16:50Z,1522596255322583e3,1522596255322583040,Hay que aclarar algo. La gracia del #MoratSinContexto no es adivinar de quien se habla; la gracia es adivinar qui√©n dijo la frase.,Hay que aclarar algo. La gracia del #MoratSinContexto no es adivinar de quien se habla; la gracia es adivinar qui√©n dijo la frase.,FALSE,,"<a href=""https://mobile.twitter.com"" rel=""nofollow"">Twitter Web App</a>",NA,NA,NA,NA,NA,,,,NA,FALSE,280,6312,FALSE,NA,FALSE,NA,es,NA,NA,130,NA,,NA,NA,,NA,NA,NA,NA,NA,NA,NA,NA,NA,NA
2022-05-06T05:31:27Z,1522448940016222200,1522448940016222208,"Otro episodio: ‚Äú¬°El man nos manipul√≥! ¬°El man est√° solo y tiene diarrea!‚Äù #MoratSinContexto Voten, jajaja:","Otro episodio: ‚Äú¬°El man nos manipul√≥! ¬°El man est√° solo y tiene diarrea!‚Äù #MoratSinContexto Voten, jajaja:",FALSE,,"<a href=""https://mobile.twitter.com"" rel=""nofollow"">Twitter Web App</a>",NA,NA,NA,NA,NA,,,,NA,FALSE,155,2146,FALSE,NA,FALSE,NA,es,NA,NA,106,NA,,NA,NA,,NA,NA,NA,NA,NA,NA,NA,NA,NA,NA
2022-05-04T22:46:01Z,1521984520421052400,1521984520421052417,üëÄüëÄüëÄüëÄ https://t.co/303ra6heLO,üëÄüëÄüëÄüëÄ https://t.co/303ra6heLO,FALSE,,"<a href=""https://mobile.twitter.com"" rel=""nofollow"">Twitter Web App</a>",NA,NA,NA,NA,NA,,,,NA,TRUE,266,4501,FALSE,NA,FALSE,NA,art,FALSE,NA,4,NA,,1521933983029682200,1521933983029682176,,NA,NA,NA,NA,NA,NA,NA,NA,NA,NA
2022-05-04T15:58:14Z,1521881897751744500,1521881897751744512,"Chiste musical: el otro d√≠a no me equivoqu√© en Besos en Guerra, s√≥lo toque un pedazo en D mixolidio jaja","Chiste musical: el otro d√≠a no me equivoqu√© en Besos en Guerra, s√≥lo toque un pedazo en D mixolidio jaja",FALSE,,"<a href=""https://mobile.twitter.com"" rel=""nofollow"">Twitter Web App</a>",NA,NA,NA,NA,NA,,,,NA,FALSE,221,5830,FALSE,NA,FALSE,NA,es,NA,NA,104,NA,,NA,NA,,NA,NA,NA,NA,NA,NA,NA,NA,NA,NA
2022-05-03T20:53:48Z,1521593891652358100,1521593891652358145,Reitero. Muy digno partido del Villarreal. Todo el mundo sab√≠a lo dif√≠cil que iba a ser el segundo tiempo. Capo Pau.,Reitero. Muy digno partido del Villarreal. Todo el mundo sab√≠a lo dif√≠cil que iba a ser el segundo tiempo. Capo Pau.,FALSE,,"<a href=""https://mobile.twitter.com"" rel=""nofollow"">Twitter Web App</a>",1521583901189279700,1521583901189279747,1088873691071549400,1088873691071549440,jpvillamil8,,,,NA,FALSE,35,1176,FALSE,NA,FALSE,NA,es,NA,NA,116,NA,,NA,NA,,NA,NA,NA,NA,NA,NA,NA,NA,NA,NA
2022-05-03T20:14:06Z,1521583901189279700,1521583901189279747,"Independientemente de como termine el partido, que capo que es @pauttorres. Leyenda.","Independientemente de como termine el partido, que capo que es @pauttorres. Leyenda.",FALSE,,"<a href=""https://mobile.twitter.com"" rel=""nofollow"">Twitter Web App</a>",NA,NA,NA,NA,NA,,,,NA,FALSE,76,2349,FALSE,NA,FALSE,NA,es,NA,NA,84,NA,,NA,NA,,NA,NA,NA,NA,NA,NA,NA,NA,NA,NA
2022-05-02T15:22:04Z,1521148019680456700,1521148019680456704,Par√≠s - 20/05/2022,Par√≠s - 20/05/2022,FALSE,,"<a href=""https://mobile.twitter.com"" rel=""nofollow"">Twitter Web App</a>",NA,NA,NA,NA,NA,,,,NA,FALSE,1639,14681,FALSE,NA,FALSE,NA,es,NA,NA,18,NA,,NA,NA,,NA,NA,NA,NA,NA,NA,NA,NA,NA,NA
2022-05-01T18:33:40Z,1520833852989657e3,1520833852989657093,"@2litrosdebrugal Regular, regular. No te voy a mentir.","@2litrosdebrugal Regular, regular. No te voy a mentir.",FALSE,,"<a href=""https://mobile.twitter.com"" rel=""nofollow"">Twitter Web App</a>",1520833612647698400,1520833612647698432,1257874631706456e3,1257874631706456065,2litrosdebrugal,,,,NA,FALSE,49,461,FALSE,NA,FALSE,NA,es,NA,NA,54,NA,,NA,NA,,NA,NA,NA,NA,NA,NA,NA,NA,NA,NA
2022-05-01T18:28:29Z,1520832548066283500,1520832548066283521,"@giraltpablo Es el mejor Giralt, es el mejooooor!","@giraltpablo Es el mejor Giralt, es el mejooooor!",FALSE,,"<a href=""https://mobile.twitter.com"" rel=""nofollow"">Twitter Web App</a>",1520831978433659e3,1520831978433658880,143843372,143843372,giraltpablo,,,,NA,FALSE,19,547,FALSE,NA,FALSE,NA,es,NA,NA,49,NA,,NA,NA,,NA,NA,NA,NA,NA,NA,NA,NA,NA,NA
2022-04-30T07:16:14Z,1520300981497573400,1520300981497573377,"@giraltpablo El once ideal del 2012 era el Madrid en su mejor momento, el Barca en su mejor momento y Radamel. ¬øQue mas falta?","@giraltpablo El once ideal del 2012 era el Madrid en su mejor momento, el Barca en su mejor momento y Radamel. ¬øQue mas falta?",FALSE,,"<a href=""https://mobile.twitter.com"" rel=""nofollow"">Twitter Web App</a>",1520184078149951500,1520184078149951488,143843372,143843372,giraltpablo,,,,NA,FALSE,6,338,FALSE,NA,FALSE,NA,es,NA,NA,126,NA,,NA,NA,,NA,NA,NA,NA,NA,NA,NA,NA,NA,NA
2022-04-29T19:53:32Z,1520129174509346800,1520129174509346818,Preocupante. https://t.co/ukrYDg6f10,Preocupante. https://t.co/ukrYDg6f10,FALSE,,"<a href=""https://mobile.twitter.com"" rel=""nofollow"">Twitter Web App</a>",NA,NA,NA,NA,NA,,,,NA,TRUE,85,1889,FALSE,NA,FALSE,NA,es,FALSE,NA,12,NA,,1520034955430174700,1520034955430174722,,NA,NA,NA,NA,NA,NA,NA,NA,NA,NA
2022-04-29T15:46:01Z,1520066885886357500,1520066885886357505,Confesiones de gira: llega un momento en el que estas tan cansado en el viaje que paras en cualquier tienda de gasolinera y sin darte cuenta te quedas viendo 10 minutos el pasillo de l√≠quidos refrigerantes de motor.,Confesiones de gira: llega un momento en el que estas tan cansado en el viaje que paras en cualquier tienda de gasolinera y sin darte cuenta te quedas viendo 10 minutos el pasillo de l√≠quidos refrigerantes de motor.,FALSE,,"<a href=""https://mobile.twitter.com"" rel=""nofollow"">Twitter Web App</a>",NA,NA,NA,NA,NA,,,,NA,FALSE,243,5398,FALSE,NA,FALSE,NA,es,NA,NA,215,NA,,NA,NA,,NA,NA,NA,NA,NA,NA,NA,NA,NA,NA
2022-04-26T23:04:52Z,1519090162734612500,1519090162734612481,Hay que ver el vaso medio lleno: nuestro vuelo se retras√≥ pero pudimos ver todo el City-Madrid. F√°cilmente es uno de los mejores partidos que he visto en mucho tiempo.,Hay que ver el vaso medio lleno: nuestro vuelo se retras√≥ pero pudimos ver todo el City-Madrid. F√°cilmente es uno de los mejores partidos que he visto en mucho tiempo.,FALSE,,"<a href=""https://mobile.twitter.com"" rel=""nofollow"">Twitter Web App</a>",NA,NA,NA,NA,NA,,,,NA,FALSE,133,3920,FALSE,NA,FALSE,NA,es,NA,NA,167,NA,,NA,NA,,NA,NA,NA,NA,NA,NA,NA,NA,NA,NA
2022-04-24T18:12:53Z,1518291906509299700,1518291906509299714,"Cr√©dito a quien cr√©dito merece. Que bien ver a Lucho romperla aunque sea en el Liverpool, pa que‚Ä¶ https://t.co/boZv84LLYx","Cr√©dito a quien cr√©dito merece. Que bien ver a Lucho romperla aunque sea en el Liverpool, pa que‚Ä¶ https://t.co/boZv84LLYx",FALSE,,"<a href=""https://mobile.twitter.com"" rel=""nofollow"">Twitter Web App</a>",NA,NA,NA,NA,NA,,,,NA,TRUE,50,1496,FALSE,NA,FALSE,NA,es,FALSE,NA,97,NA,,1518274049025220600,1518274049025220608,,NA,NA,NA,NA,NA,NA,NA,NA,NA,NA
2022-04-19T19:30:29Z,1516499496821264400,1516499496821264387,Asfixiante lo del United‚Ä¶todo mal.,Asfixiante lo del United‚Ä¶todo mal.,FALSE,,"<a href=""https://mobile.twitter.com"" rel=""nofollow"">Twitter Web App</a>",NA,NA,NA,NA,NA,,,,NA,FALSE,86,2695,FALSE,NA,FALSE,NA,es,NA,NA,34,NA,,NA,NA,,NA,NA,NA,NA,NA,NA,NA,NA,NA,NA
2022-04-18T18:19:41Z,1516119290566566e3,1516119290566565892,¬°Mil gracias por todas las preguntas! ¬°Abrazos!,¬°Mil gracias por todas las preguntas! ¬°Abrazos!,FALSE,,"<a href=""https://mobile.twitter.com"" rel=""nofollow"">Twitter Web App</a>",NA,NA,NA,NA,NA,,,,NA,FALSE,111,3138,FALSE,NA,FALSE,NA,es,NA,NA,47,NA,,NA,NA,,NA,NA,NA,NA,NA,NA,NA,NA,NA,NA
2022-04-18T18:19:16Z,1516119185260224500,1516119185260224512,Imposible jaja https://t.co/qigVNbKDFC,Imposible jaja https://t.co/qigVNbKDFC,FALSE,,"<a href=""https://mobile.twitter.com"" rel=""nofollow"">Twitter Web App</a>",NA,NA,NA,NA,NA,,,,NA,TRUE,56,1616,FALSE,NA,FALSE,NA,es,FALSE,NA,14,NA,,1516118971682115600,1516118971682115584,,NA,NA,NA,NA,NA,NA,NA,NA,NA,NA
2022-04-18T18:16:51Z,1516118576356339700,1516118576356339716,¬°√öltima!,¬°√öltima!,FALSE,,"<a href=""https://mobile.twitter.com"" rel=""nofollow"">Twitter Web App</a>",NA,NA,NA,NA,NA,,,,NA,FALSE,45,2150,FALSE,NA,FALSE,NA,es,NA,NA,8,NA,,NA,NA,,NA,NA,NA,NA,NA,NA,NA,NA,NA,NA
2022-04-18T18:16:34Z,1516118503857741800,1516118503857741833,¬°No importa la marca de la primera guitarra! Importa aprenderse muchas canciones que a uno le den ganas de tocar y tocar. https://t.co/gzuq3vQqTA,¬°No importa la marca de la primera guitarra! Importa aprenderse muchas canciones que a uno le den ganas de tocar y tocar. https://t.co/gzuq3vQqTA,FALSE,,"<a href=""https://mobile.twitter.com"" rel=""nofollow"">Twitter Web App</a>",NA,NA,NA,NA,NA,,,,NA,TRUE,77,1582,FALSE,NA,FALSE,NA,es,FALSE,NA,121,NA,,1516117821528367e3,1516117821528367105,,NA,NA,NA,NA,NA,NA,NA,NA,NA,NA
2022-04-18T18:14:59Z,1516118105394667500,1516118105394667539,Creo que ser√≠a sobre pensamientos aleatorios m√≠os jaja. Desarrollar personajes me parece muy dif√≠cil. https://t.co/n2BZ9Usioj,Creo que ser√≠a sobre pensamientos aleatorios m√≠os jaja. Desarrollar personajes me parece muy dif√≠cil. https://t.co/n2BZ9Usioj,FALSE,,"<a href=""https://mobile.twitter.com"" rel=""nofollow"">Twitter Web App</a>",NA,NA,NA,NA,NA,,,,NA,TRUE,76,1753,FALSE,NA,FALSE,NA,es,FALSE,NA,101,NA,,1516117864964448300,1516117864964448259,,NA,NA,NA,NA,NA,NA,NA,NA,NA,NA
2022-04-18T18:12:34Z,1516117499426783200,1516117499426783235,"¬øEl√©ctrica? V√©ala jajaja una Hondo de segunda mano que mis pap√°s con mucho cari√±o me regalaron de cumplea√±os. Fui muy feliz con esa guitarra. Ac√∫stica, le qued√≥ debiendo la foto. https://t.co/1GdUMOkk1Z https://t.co/d0HGtf3vqL","¬øEl√©ctrica? V√©ala jajaja una Hondo de segunda mano que mis pap√°s con mucho cari√±o me regalaron de cumplea√±os. Fui muy feliz con esa guitarra. Ac√∫stica, le qued√≥ debiendo la foto. https://t.co/1GdUMOkk1Z https://t.co/d0HGtf3vqL",FALSE,,"<a href=""https://mobile.twitter.com"" rel=""nofollow"">Twitter Web App</a>",NA,NA,NA,NA,NA,,,,NA,TRUE,98,1906,FALSE,NA,FALSE,NA,es,FALSE,NA,202,NA,,1516115843431686100,1516115843431686155,,NA,NA,NA,NA,NA,NA,NA,NA,NA,NA
2022-04-18T18:07:32Z,1516116233694978e3,1516116233694978055,"Dificil√≠simo. Como pinta la cosa, por ahora, voto en blanco. https://t.co/sKErdaq7ek","Dificil√≠simo. Como pinta la cosa, por ahora, voto en blanco. https://t.co/sKErdaq7ek",FALSE,,"<a href=""https://mobile.twitter.com"" rel=""nofollow"">Twitter Web App</a>",NA,NA,NA,NA,NA,,,,NA,TRUE,59,1619,FALSE,NA,FALSE,NA,es,FALSE,NA,60,NA,,1516115893465534500,1516115893465534473,,NA,NA,NA,NA,NA,NA,NA,NA,NA,NA
2022-04-18T18:05:51Z,1516115809340469200,1516115809340469252,Tema dif√≠cil. Har√≠an falta muchos tweets. Por ahora dir√© que creo que la pasi√≥n esta sobre valorada. Hay que trabajar e intentar encontrar momentos de felicidad en el d√≠a a d√≠a. https://t.co/rUqdDoWxxE,Tema dif√≠cil. Har√≠an falta muchos tweets. Por ahora dir√© que creo que la pasi√≥n esta sobre valorada. Hay que trabajar e intentar encontrar momentos de felicidad en el d√≠a a d√≠a. https://t.co/rUqdDoWxxE,FALSE,,"<a href=""https://mobile.twitter.com"" rel=""nofollow"">Twitter Web App</a>",NA,NA,NA,NA,NA,,,,NA,TRUE,121,1757,FALSE,NA,FALSE,NA,es,FALSE,NA,177,NA,,1516115322109153300,1516115322109153282,,NA,NA,NA,NA,NA,NA,NA,NA,NA,NA
2022-04-18T18:02:51Z,1516115052264407e3,1516115052264407041,¬°Muuuuy dificil! https://t.co/uyZ6SZviO5,¬°Muuuuy dificil! https://t.co/uyZ6SZviO5,FALSE,,"<a href=""https://mobile.twitter.com"" rel=""nofollow"">Twitter Web App</a>",NA,NA,NA,NA,NA,,,,NA,TRUE,58,1573,FALSE,NA,FALSE,NA,es,FALSE,NA,16,NA,,1516114875675816e3,1516114875675815941,,NA,NA,NA,NA,NA,NA,NA,NA,NA,NA
2022-04-18T18:02:02Z,1516114847477416e3,1516114847477415940,"Hay que hacer un ejercicio de humildad: grabarse solo y darse cuenta que uno no canta tan bien como cree. De ah√≠, el camino es para arriba trabajando y mejorando poco a poco. Hay que concentrarse mucho e intentar contener la adrenalina para afinar nota por nota. https://t.co/19La7r8yym","Hay que hacer un ejercicio de humildad: grabarse solo y darse cuenta que uno no canta tan bien como cree. De ah√≠, el camino es para arriba trabajando y mejorando poco a poco. Hay que concentrarse mucho e intentar contener la adrenalina para afinar nota por nota. https://t.co/19La7r8yym",FALSE,,"<a href=""https://mobile.twitter.com"" rel=""nofollow"">Twitter Web App</a>",NA,NA,NA,NA,NA,,,,NA,TRUE,94,1749,FALSE,NA,FALSE,NA,es,FALSE,NA,262,NA,,1516114192146866200,1516114192146866179,,NA,NA,NA,NA,NA,NA,NA,NA,NA,NA
2022-04-18T17:58:52Z,1516114052220608500,1516114052220608521,Me estaba leyendo High Fidelity y la verdad me ha parecido bastante entretenido para pasar el rato. https://t.co/UvRrdHlh1Z,Me estaba leyendo High Fidelity y la verdad me ha parecido bastante entretenido para pasar el rato. https://t.co/UvRrdHlh1Z,FALSE,,"<a href=""https://mobile.twitter.com"" rel=""nofollow"">Twitter Web App</a>",NA,NA,NA,NA,NA,,,,NA,TRUE,58,1452,FALSE,NA,FALSE,NA,es,FALSE,NA,99,NA,,1516113838114017300,1516113838114017287,,NA,NA,NA,NA,NA,NA,NA,NA,NA,NA
2022-04-18T17:57:59Z,1516113829037588500,1516113829037588487,6!!! https://t.co/wD1ixGmP2x,6!!! https://t.co/wD1ixGmP2x,FALSE,,"<a href=""https://mobile.twitter.com"" rel=""nofollow"">Twitter Web App</a>",NA,NA,NA,NA,NA,,,,NA,TRUE,50,1402,FALSE,NA,FALSE,NA,qst,FALSE,NA,4,NA,,1516113726314852400,1516113726314852354,,NA,NA,NA,NA,NA,NA,NA,NA,NA,NA
2022-04-18T17:57:16Z,1516113647080292400,1516113647080292355,¬°Como ustedes prefieran! Jaja https://t.co/9Sv9svqXY4,¬°Como ustedes prefieran! Jaja https://t.co/9Sv9svqXY4,FALSE,,"<a href=""https://mobile.twitter.com"" rel=""nofollow"">Twitter Web App</a>",NA,NA,NA,NA,NA,,,,NA,TRUE,83,1786,FALSE,NA,FALSE,NA,es,FALSE,NA,29,NA,,1516113506667569200,1516113506667569160,,NA,NA,NA,NA,NA,NA,NA,NA,NA,NA
2022-04-18T17:55:58Z,1516113322386591700,1516113322386591746,Jajajajaja excelente pregunta. S√≠ naci√≥ as√≠: para que se enamorara de alguien m√°s. https://t.co/wEzWh3X6Ny,Jajajajaja excelente pregunta. S√≠ naci√≥ as√≠: para que se enamorara de alguien m√°s. https://t.co/wEzWh3X6Ny,FALSE,,"<a href=""https://mobile.twitter.com"" rel=""nofollow"">Twitter Web App</a>",NA,NA,NA,NA,NA,,,,NA,TRUE,160,2945,FALSE,NA,FALSE,NA,es,FALSE,NA,82,NA,,1516112920270319600,1516112920270319624,,NA,NA,NA,NA,NA,NA,NA,NA,NA,NA
2022-04-18T17:54:22Z,1516112920329003e3,1516112920329003017,Jaja no eran tacos‚Ä¶ https://t.co/HZlmm98qXl,Jaja no eran tacos‚Ä¶ https://t.co/HZlmm98qXl,FALSE,,"<a href=""https://mobile.twitter.com"" rel=""nofollow"">Twitter Web App</a>",NA,NA,NA,NA,NA,,,,NA,TRUE,51,1374,FALSE,NA,FALSE,NA,es,FALSE,NA,19,NA,,1516112834228519e3,1516112834228518913,,NA,NA,NA,NA,NA,NA,NA,NA,NA,NA
2022-04-18T17:53:43Z,1516112755585073200,1516112755585073156,"Que yo considere que hablo realmente bien, 2. Ahora estoy aprendiendo un 3ro. https://t.co/j9Ev0nqwCC","Que yo considere que hablo realmente bien, 2. Ahora estoy aprendiendo un 3ro. https://t.co/j9Ev0nqwCC",FALSE,,"<a href=""https://mobile.twitter.com"" rel=""nofollow"">Twitter Web App</a>",NA,NA,NA,NA,NA,,,,NA,TRUE,64,1542,FALSE,NA,FALSE,NA,es,FALSE,NA,77,NA,,1516112483932647400,1516112483932647427,,NA,NA,NA,NA,NA,NA,NA,NA,NA,NA
2022-04-18T17:51:00Z,1516112071095636e3,1516112071095635971,Ahora toco Mi suerte en guitarra el√©ctrica y ha sido un cambio muy refrescante. https://t.co/kPUGfUSWAs,Ahora toco Mi suerte en guitarra el√©ctrica y ha sido un cambio muy refrescante. https://t.co/kPUGfUSWAs,FALSE,,"<a href=""https://mobile.twitter.com"" rel=""nofollow"">Twitter Web App</a>",NA,NA,NA,NA,NA,,,,NA,TRUE,78,2059,FALSE,NA,FALSE,NA,es,FALSE,NA,79,NA,,1516111764835889200,1516111764835889152,,NA,NA,NA,NA,NA,NA,NA,NA,NA,NA
2022-04-18T17:47:57Z,1516111304464945200,1516111304464945159,¬°Para ver de lejos! Ya casi ni leo los carteles en los shows jaja https://t.co/jhzFlKbChK,¬°Para ver de lejos! Ya casi ni leo los carteles en los shows jaja https://t.co/jhzFlKbChK,FALSE,,"<a href=""https://mobile.twitter.com"" rel=""nofollow"">Twitter Web App</a>",NA,NA,NA,NA,NA,,,,NA,TRUE,105,2000,FALSE,NA,FALSE,NA,es,FALSE,NA,65,NA,,1516111126160883700,1516111126160883713,,NA,NA,NA,NA,NA,NA,NA,NA,NA,NA
2022-04-18T17:47:15Z,1516111125779255300,1516111125779255296,¬°Empanada! https://t.co/RHm4ourV36,¬°Empanada! https://t.co/RHm4ourV36,FALSE,,"<a href=""https://mobile.twitter.com"" rel=""nofollow"">Twitter Web App</a>",NA,NA,NA,NA,NA,,,,NA,TRUE,59,1570,FALSE,NA,FALSE,NA,es,FALSE,NA,10,NA,,1516110965582008300,1516110965582008321,,NA,NA,NA,NA,NA,NA,NA,NA,NA,NA
2022-04-18T17:46:35Z,1516110959596683300,1516110959596683274,"¬°Va a estar espectacular! Guadalajara es de mis ciudades favoritas de M√©xico, ademas. https://t.co/dG11AoBUbu","¬°Va a estar espectacular! Guadalajara es de mis ciudades favoritas de M√©xico, ademas. https://t.co/dG11AoBUbu",FALSE,,"<a href=""https://mobile.twitter.com"" rel=""nofollow"">Twitter Web App</a>",NA,NA,NA,NA,NA,,,,NA,TRUE,94,1537,FALSE,NA,FALSE,NA,es,FALSE,NA,85,NA,,1516110632944349200,1516110632944349191,,NA,NA,NA,NA,NA,NA,NA,NA,NA,NA
2022-04-18T17:45:02Z,1516110568972820500,1516110568972820482,Como ingeniero de puentes y festivos solamente. https://t.co/DJnpkgyN3t,Como ingeniero de puentes y festivos solamente. https://t.co/DJnpkgyN3t,FALSE,,"<a href=""https://mobile.twitter.com"" rel=""nofollow"">Twitter Web App</a>",NA,NA,NA,NA,NA,,,,NA,TRUE,124,2272,FALSE,NA,FALSE,NA,es,FALSE,NA,47,NA,,1516110413439586300,1516110413439586309,,NA,NA,NA,NA,NA,NA,NA,NA,NA,NA
2022-04-18T17:43:36Z,1.5161102109344481e+18,1516110210934448144,¬øPreguntas o miedo?,¬øPreguntas o miedo?,FALSE,,"<a href=""https://mobile.twitter.com"" rel=""nofollow"">Twitter Web App</a>",NA,NA,NA,NA,NA,,,,NA,FALSE,195,4996,FALSE,NA,FALSE,NA,es,NA,NA,19,NA,,NA,NA,,NA,NA,NA,NA,NA,NA,NA,NA,NA,NA
2022-04-13T20:59:53Z,1514347666586677200,1514347666586677262,Ah√≠ les dejo un regalo a los que les gusta jugar Wordle en espa√±ol jaja,Ah√≠ les dejo un regalo a los que les gusta jugar Wordle en espa√±ol jaja,FALSE,,"<a href=""https://mobile.twitter.com"" rel=""nofollow"">Twitter Web App</a>",NA,NA,NA,NA,NA,,,,NA,FALSE,110,3382,FALSE,NA,FALSE,NA,es,NA,NA,71,NA,,NA,NA,,NA,NA,NA,NA,NA,NA,NA,NA,NA,NA
2022-04-11T16:33:07Z,1513555755772915700,1513555755772915735,Un nuevo indicador de tranquilidad psicol√≥gica: n√∫mero de d√≠as que dura la bater√≠a del celular. M√°s de uno ya es gol jaja,Un nuevo indicador de tranquilidad psicol√≥gica: n√∫mero de d√≠as que dura la bater√≠a del celular. M√°s de uno ya es gol jaja,FALSE,,"<a href=""https://mobile.twitter.com"" rel=""nofollow"">Twitter Web App</a>",NA,NA,NA,NA,NA,,,,NA,FALSE,361,5740,FALSE,NA,FALSE,NA,es,NA,NA,121,NA,,NA,NA,,NA,NA,NA,NA,NA,NA,NA,NA,NA,NA
2022-04-10T14:35:37Z,1513163796986142700,1513163796986142740,"La cosa est√° tan grave con el United que se volvi√≥ m√°s importante el partido Liverpool - City que el United - Liverpool. Todo mal, todo mal.","La cosa est√° tan grave con el United que se volvi√≥ m√°s importante el partido Liverpool - City que el United - Liverpool. Todo mal, todo mal.",FALSE,,"<a href=""https://mobile.twitter.com"" rel=""nofollow"">Twitter Web App</a>",NA,NA,NA,NA,NA,,,,NA,FALSE,86,2705,FALSE,NA,FALSE,NA,es,NA,NA,140,NA,,NA,NA,,NA,NA,NA,NA,NA,NA,NA,NA,NA,NA
2022-04-04T17:30:58Z,1511033598358474800,1511033598358474754,@Vanisterror Uy Juanito le dio sus mejores a√±os al United y sali√≥ del chelsea en su mejor momento. Yo no dudo de su compromiso con el club. ¬°Es viable que el tipo prefiera ser suplente en el United a titular en otro club! Como esos que cada vez hay menos‚Ä¶,@Vanisterror Uy Juanito le dio sus mejores a√±os al United y sali√≥ del chelsea en su mejor momento. Yo no dudo de su compromiso con el club. ¬°Es viable que el tipo prefiera ser suplente en el United a titular en otro club! Como esos que cada vez hay menos‚Ä¶,FALSE,,"<a href=""https://mobile.twitter.com"" rel=""nofollow"">Twitter Web App</a>",1510990084144775200,1510990084144775180,1358494982,1358494982,Vanisterror,,,,NA,FALSE,4,176,FALSE,NA,FALSE,NA,es,NA,NA,255,NA,,NA,NA,,NA,NA,NA,NA,NA,NA,NA,NA,NA,NA
2022-04-04T17:29:02Z,1511033114914693e3,1511033114914693123,¬øEstamos todos de acuerdo con que la l√≠nea horizontal que atravesaba al n√∫mero 7 est√° en v√≠a de extinci√≥n? ¬°¬øPor qu√© putas paso eso?!,¬øEstamos todos de acuerdo con que la l√≠nea horizontal que atravesaba al n√∫mero 7 est√° en v√≠a de extinci√≥n? ¬°¬øPor qu√© putas paso eso?!,FALSE,,"<a href=""https://mobile.twitter.com"" rel=""nofollow"">Twitter Web App</a>",NA,NA,NA,NA,NA,,,,NA,FALSE,367,6109,FALSE,NA,FALSE,NA,es,NA,NA,133,NA,,NA,NA,,NA,NA,NA,NA,NA,NA,NA,NA,NA,NA
2022-03-29T23:57:23Z,1508956516245774300,1508956516245774345,¬°Carajooo Paraguayyyyy vamooooooos!!,¬°Carajooo Paraguayyyyy vamooooooos!!,FALSE,,"<a href=""https://mobile.twitter.com"" rel=""nofollow"">Twitter Web App</a>",NA,NA,NA,NA,NA,,,,NA,FALSE,282,5219,FALSE,NA,FALSE,NA,es,NA,NA,36,NA,,NA,NA,,NA,NA,NA,NA,NA,NA,NA,NA,NA,NA
2022-03-29T15:44:24Z,1508832452655075300,1508832452655075329,Paraguayo desde la cuna.,Paraguayo desde la cuna.,FALSE,,"<a href=""https://mobile.twitter.com"" rel=""nofollow"">Twitter Web App</a>",NA,NA,NA,NA,NA,,,,NA,FALSE,1002,10490,FALSE,NA,FALSE,NA,es,NA,NA,24,NA,,NA,NA,,NA,NA,NA,NA,NA,NA,NA,NA,NA,NA
2022-03-18T07:06:13Z,1504715782940414e3,1504715782940413952,Washhhhh‚Ä¶¬°y pensar todav√≠a quedan 4 iguales! ¬°De verdad gracias! Esto es muy emocionante.,Washhhhh‚Ä¶¬°y pensar todav√≠a quedan 4 iguales! ¬°De verdad gracias! Esto es muy emocionante.,FALSE,,"<a href=""https://mobile.twitter.com"" rel=""nofollow"">Twitter Web App</a>",NA,NA,NA,NA,NA,,,,NA,FALSE,302,6342,FALSE,NA,FALSE,NA,es,NA,NA,89,NA,,NA,NA,,NA,NA,NA,NA,NA,NA,NA,NA,NA,NA
2022-03-17T05:01:03Z,1504321893851095e3,1504321893851095040,Dif√≠cil dormir hoy. Dif√≠cil.,Dif√≠cil dormir hoy. Dif√≠cil.,FALSE,,"<a href=""https://mobile.twitter.com"" rel=""nofollow"">Twitter Web App</a>",NA,NA,NA,NA,NA,,,,NA,FALSE,549,7780,FALSE,NA,FALSE,NA,es,NA,NA,28,NA,,NA,NA,,NA,NA,NA,NA,NA,NA,NA,NA,NA,NA
2022-03-05T20:22:08Z,1500205041260671e3,1500205041260670980,@moratiswell @gnrlmvm Mil gracias jaja fue pensado,@moratiswell @gnrlmvm Mil gracias jaja fue pensado,FALSE,,"<a href=""https://mobile.twitter.com"" rel=""nofollow"">Twitter Web App</a>",1500203158865383400,1500203158865383427,1.2990327932219679e+18,1299032793221967873,moratiswell,,,,NA,FALSE,64,1398,FALSE,NA,FALSE,NA,es,NA,NA,50,NA,,NA,NA,,NA,NA,NA,NA,NA,NA,NA,NA,NA,NA
2022-03-04T13:43:29Z,1499742329418170400,1499742329418170374,"Con las campa√±as presidenciales tan aburridoras como est√°n, las elecciones del congreso adquieren una doble importancia. Por eso, creo que mis votos van para @fernandoposada_ y @DeLaCalleHum","Con las campa√±as presidenciales tan aburridoras como est√°n, las elecciones del congreso adquieren una doble importancia. Por eso, creo que mis votos van para @fernandoposada_ y @DeLaCalleHum",FALSE,,"<a href=""https://mobile.twitter.com"" rel=""nofollow"">Twitter Web App</a>",NA,NA,NA,NA,NA,,,,NA,FALSE,77,2103,FALSE,NA,FALSE,NA,es,NA,NA,190,NA,,NA,NA,,NA,NA,NA,NA,NA,NA,NA,NA,NA,NA
2022-02-20T15:55:52Z,1495426990714806300,1495426990714806277,Busca a alguien que te proteja como Luke Shaw a Elanga.,Busca a alguien que te proteja como Luke Shaw a Elanga.,FALSE,,"<a href=""https://mobile.twitter.com"" rel=""nofollow"">Twitter Web App</a>",NA,NA,NA,NA,NA,,,,NA,FALSE,163,3219,FALSE,NA,FALSE,NA,es,NA,NA,55,NA,,NA,NA,,NA,NA,NA,NA,NA,NA,NA,NA,NA,NA
2022-02-18T00:26:45Z,1494468394418163700,1494468394418163717,Como siempre: ¬°¬øqu√© tal les pareci√≥ llamada perdida?!,Como siempre: ¬°¬øqu√© tal les pareci√≥ llamada perdida?!,FALSE,,"<a href=""https://mobile.twitter.com"" rel=""nofollow"">Twitter Web App</a>",NA,NA,NA,NA,NA,,,,NA,FALSE,416,8841,FALSE,NA,FALSE,NA,es,NA,NA,53,NA,,NA,NA,,NA,NA,NA,NA,NA,NA,NA,NA,NA,NA
2022-02-18T00:25:46Z,1494468147008749600,1494468147008749576,Aaaaaaaaaaaaaahhhhhh https://t.co/5JtvTONRdF,Aaaaaaaaaaaaaahhhhhh https://t.co/5JtvTONRdF,FALSE,,"<a href=""https://mobile.twitter.com"" rel=""nofollow"">Twitter Web App</a>",NA,NA,NA,NA,NA,,,,NA,TRUE,367,4629,FALSE,NA,FALSE,NA,und,FALSE,NA,20,NA,,1494466037949075500,1494466037949075459,,NA,NA,NA,NA,NA,NA,NA,NA,NA,NA
2022-02-18T00:01:00Z,1494461914977640400,1494461914977640455,M4 empieza hoy.,M4 empieza hoy.,FALSE,,"<a href=""https://mobile.twitter.com"" rel=""nofollow"">Twitter Web App</a>",NA,NA,NA,NA,NA,,,,NA,FALSE,1404,10100,FALSE,NA,FALSE,NA,es,NA,NA,15,NA,,NA,NA,,NA,NA,NA,NA,NA,NA,NA,NA,NA,NA
2022-02-15T21:54:23Z,1493705271977328600,1493705271977328653,Ya me imagino el titular del Chiringuito: ‚ÄúMadrid concreta fichaje de Mbappe‚Äù jajaja que gol tan salvaje,Ya me imagino el titular del Chiringuito: ‚ÄúMadrid concreta fichaje de Mbappe‚Äù jajaja que gol tan salvaje,FALSE,,"<a href=""https://mobile.twitter.com"" rel=""nofollow"">Twitter Web App</a>",NA,NA,NA,NA,NA,,,,NA,FALSE,128,2798,FALSE,NA,FALSE,NA,es,NA,NA,104,NA,,NA,NA,,NA,NA,NA,NA,NA,NA,NA,NA,NA,NA
2022-02-15T04:26:46Z,1493441630136844300,1493441630136844289,#LlamadaPerdida üëÄüëÄ https://t.co/JSJhF57p0h,#LlamadaPerdida üëÄüëÄ https://t.co/JSJhF57p0h,FALSE,,"<a href=""https://mobile.twitter.com"" rel=""nofollow"">Twitter Web App</a>",NA,NA,NA,NA,NA,,,,NA,TRUE,319,3706,FALSE,NA,FALSE,NA,und,FALSE,NA,18,NA,,1493303594174529500,1493303594174529545,,NA,NA,NA,NA,NA,NA,NA,NA,NA,NA
2022-02-14T12:02:36Z,1493193957853044700,1493193957853044740,@MelyGarcia04 @MoratBanda @gnrlmvm @SimonVargasM @JuanPabloIsazaP Abraza al miedo. Probablemente pase.,@MelyGarcia04 @MoratBanda @gnrlmvm @SimonVargasM @JuanPabloIsazaP Abraza al miedo. Probablemente pase.,FALSE,,"<a href=""https://mobile.twitter.com"" rel=""nofollow"">Twitter Web App</a>",1493192553654636500,1493192553654636545,1256702080590459e3,1256702080590458882,MelyGarcia04,,,,NA,FALSE,123,1554,FALSE,NA,FALSE,NA,es,NA,NA,102,NA,,NA,NA,,NA,NA,NA,NA,NA,NA,NA,NA,NA,NA
2022-02-14T02:13:39Z,1493045743313211400,1493045743313211392,"Regular el show del S√∫per Bowl‚Ä¶ L√°stima; soy bien fan de Eminem, sobre todo.","Regular el show del S√∫per Bowl‚Ä¶ L√°stima; soy bien fan de Eminem, sobre todo.",FALSE,,"<a href=""https://mobile.twitter.com"" rel=""nofollow"">Twitter Web App</a>",NA,NA,NA,NA,NA,,,,NA,FALSE,123,3315,FALSE,NA,FALSE,NA,es,NA,NA,76,NA,,NA,NA,,NA,NA,NA,NA,NA,NA,NA,NA,NA,NA
2022-02-14T00:57:18Z,1493026531060371500,1493026531060371465,"Si quieren relajarse, paren todo lo que est√©n haciendo y escuchen Painted on canvas de Gregory Porter con la luz apagada.","Si quieren relajarse, paren todo lo que est√©n haciendo y escuchen Painted on canvas de Gregory Porter con la luz apagada.",FALSE,,"<a href=""https://mobile.twitter.com"" rel=""nofollow"">Twitter Web App</a>",NA,NA,NA,NA,NA,,,,NA,FALSE,211,3470,FALSE,NA,FALSE,NA,es,NA,NA,121,NA,,NA,NA,,NA,NA,NA,NA,NA,NA,NA,NA,NA,NA
2022-02-12T13:43:59Z,1492494696702169e3,1492494696702169091,Les propongo un sue√±o: United dirigido por Gallardo.,Les propongo un sue√±o: United dirigido por Gallardo.,FALSE,,"<a href=""https://mobile.twitter.com"" rel=""nofollow"">Twitter Web App</a>",NA,NA,NA,NA,NA,,,,NA,FALSE,113,3521,FALSE,NA,FALSE,NA,es,NA,NA,52,NA,,NA,NA,,NA,NA,NA,NA,NA,NA,NA,NA,NA,NA
2022-02-12T00:45:02Z,1492298666576654300,1492298666576654336,@AnnaAbrazo ¬°Obvio!,@AnnaAbrazo ¬°Obvio!,FALSE,,"<a href=""https://mobile.twitter.com"" rel=""nofollow"">Twitter Web App</a>",1492298252003147800,1492298252003147782,1467708196051689500,1467708196051689481,AnnaAbrazo,,,,NA,FALSE,19,463,FALSE,NA,FALSE,NA,en,NA,NA,19,NA,,NA,NA,,NA,NA,NA,NA,NA,NA,NA,NA,NA,NA
2022-02-12T00:42:05Z,1492297925539647500,1492297925539647488,Ighhhhhhhh https://t.co/bGysBn7MnW,Ighhhhhhhh https://t.co/bGysBn7MnW,FALSE,,"<a href=""https://mobile.twitter.com"" rel=""nofollow"">Twitter Web App</a>",NA,NA,NA,NA,NA,,,,NA,TRUE,228,3565,FALSE,NA,FALSE,NA,und,FALSE,NA,10,NA,,1492262073811845e3,1492262073811845120,,NA,NA,NA,NA,NA,NA,NA,NA,NA,NA
2022-02-10T22:16:41Z,1491898946716938200,1491898946716938241,La realidad es que @SimonVargasM se inspir√≥ en mi relaci√≥n t√≥xica con el United para escribir ‚ÄúDate la vuelta‚Äù‚Ä¶pero ah√≠ seguimos enganchados. Nada qu√© hacer.,La realidad es que @SimonVargasM se inspir√≥ en mi relaci√≥n t√≥xica con el United para escribir ‚ÄúDate la vuelta‚Äù‚Ä¶pero ah√≠ seguimos enganchados. Nada qu√© hacer.,FALSE,,"<a href=""https://mobile.twitter.com"" rel=""nofollow"">Twitter Web App</a>",NA,NA,NA,NA,NA,,,,NA,FALSE,599,8066,FALSE,NA,FALSE,NA,es,NA,NA,157,NA,,NA,NA,,NA,NA,NA,NA,NA,NA,NA,NA,NA,NA
2022-02-09T19:01:27Z,1491487424953913300,1491487424953913345,El sue√±o de cualquier artista es estar m√°s de moda que la palabra ‚Äúresiliencia‚Äù.,El sue√±o de cualquier artista es estar m√°s de moda que la palabra ‚Äúresiliencia‚Äù.,FALSE,,"<a href=""https://mobile.twitter.com"" rel=""nofollow"">Twitter Web App</a>",NA,NA,NA,NA,NA,,,,NA,FALSE,265,4583,FALSE,NA,FALSE,NA,es,NA,NA,80,NA,,NA,NA,,NA,NA,NA,NA,NA,NA,NA,NA,NA,NA
2022-02-08T16:59:53Z,1491094443843530800,1491094443843530752,"Este a√±o, por ahora, vamos a conocer Portugal y Venezuela. ¬øCu√°l m√°s sumamos a la lista?","Este a√±o, por ahora, vamos a conocer Portugal y Venezuela. ¬øCu√°l m√°s sumamos a la lista?",FALSE,,"<a href=""https://mobile.twitter.com"" rel=""nofollow"">Twitter Web App</a>",NA,NA,NA,NA,NA,,,,NA,FALSE,171,4302,FALSE,NA,FALSE,NA,es,NA,NA,88,NA,,NA,NA,,NA,NA,NA,NA,NA,NA,NA,NA,NA,NA
2022-02-04T22:42:01Z,1489730995158986800,1489730995158986758,"De Gea, jugador del mes de la premier, no est√° tapando estos penales‚Ä¶ horrible. Vamos a ver si Henderson es m√°s penalero que De Gea‚Ä¶","De Gea, jugador del mes de la premier, no est√° tapando estos penales‚Ä¶ horrible. Vamos a ver si Henderson es m√°s penalero que De Gea‚Ä¶",FALSE,,"<a href=""https://mobile.twitter.com"" rel=""nofollow"">Twitter Web App</a>",NA,NA,NA,NA,NA,,,,NA,FALSE,43,1577,FALSE,NA,FALSE,NA,es,NA,NA,132,NA,,NA,NA,,NA,NA,NA,NA,NA,NA,NA,NA,NA,NA
2022-02-04T22:22:50Z,1489726167565414400,1489726167565414403,¬°NO TODO PUEDE SER UN CENTRO A VER SI RONALDO CABECEA!,¬°NO TODO PUEDE SER UN CENTRO A VER SI RONALDO CABECEA!,FALSE,,"<a href=""https://mobile.twitter.com"" rel=""nofollow"">Twitter Web App</a>",NA,NA,NA,NA,NA,,,,NA,FALSE,67,2392,FALSE,NA,FALSE,NA,es,NA,NA,54,NA,,NA,NA,,NA,NA,NA,NA,NA,NA,NA,NA,NA,NA
2022-02-02T02:05:35Z,1488695060183068700,1488695060183068674,No es por ser colombiano pero que gol tan hpta el de Ecuador jaja,No es por ser colombiano pero que gol tan hpta el de Ecuador jaja,FALSE,,"<a href=""https://mobile.twitter.com"" rel=""nofollow"">Twitter Web App</a>",NA,NA,NA,NA,NA,,,,NA,FALSE,390,6333,FALSE,NA,FALSE,NA,es,NA,NA,65,NA,,NA,NA,,NA,NA,NA,NA,NA,NA,NA,NA,NA,NA
2022-02-01T19:27:18Z,1488594826949976e3,1488594826949976068,"Hoy a las 6:30pm hay que prender velita, porque que‚Ä¶","Hoy a las 6:30pm hay que prender velita, porque que‚Ä¶",FALSE,,"<a href=""https://mobile.twitter.com"" rel=""nofollow"">Twitter Web App</a>",NA,NA,NA,NA,NA,,,,NA,FALSE,197,3976,FALSE,NA,FALSE,NA,es,NA,NA,52,NA,,NA,NA,,NA,NA,NA,NA,NA,NA,NA,NA,NA,NA
2022-01-30T14:24:22Z,1487793816639844400,1487793816639844352,"¬°Qu√© barbaridad lo de Nadal, qu√© cabeza!","¬°Qu√© barbaridad lo de Nadal, qu√© cabeza!",FALSE,,"<a href=""https://mobile.twitter.com"" rel=""nofollow"">Twitter Web App</a>",NA,NA,NA,NA,NA,,,,NA,FALSE,97,2832,FALSE,NA,FALSE,NA,es,NA,NA,40,NA,,NA,NA,,NA,NA,NA,NA,NA,NA,NA,NA,NA,NA
2022-01-28T22:50:11Z,1487196335120003e3,1487196335120003074,Maldita sea,Maldita sea,FALSE,,"<a href=""https://mobile.twitter.com"" rel=""nofollow"">Twitter Web App</a>",NA,NA,NA,NA,NA,,,,NA,FALSE,365,4417,FALSE,NA,FALSE,NA,eu,NA,NA,11,NA,,NA,NA,,NA,NA,NA,NA,NA,NA,NA,NA,NA,NA
2022-01-28T21:08:31Z,1487170747684606e3,1487170747684605957,Minuto*,Minuto*,FALSE,,"<a href=""https://mobile.twitter.com"" rel=""nofollow"">Twitter Web App</a>",1487169859091902500,1487169859091902469,1088873691071549400,1088873691071549440,jpvillamil8,,,,NA,FALSE,43,1362,FALSE,NA,FALSE,NA,es,NA,NA,7,NA,,NA,NA,,NA,NA,NA,NA,NA,NA,NA,NA,NA,NA
2022-01-28T21:04:59Z,1487169859091902500,1487169859091902469,‚ÄúMuy bien Colombia en los retrocesos.‚Äù-Minut√≥ 2‚Äô ü§¶üèª‚Äç‚ôÇÔ∏è,‚ÄúMuy bien Colombia en los retrocesos.‚Äù-Minut√≥ 2‚Äô ü§¶üèª‚Äç‚ôÇÔ∏è,FALSE,,"<a href=""https://mobile.twitter.com"" rel=""nofollow"">Twitter Web App</a>",NA,NA,NA,NA,NA,,,,NA,FALSE,69,2060,FALSE,NA,FALSE,NA,es,NA,NA,54,NA,,NA,NA,,NA,NA,NA,NA,NA,NA,NA,NA,NA,NA
2022-01-28T20:35:19Z,1487162393029447700,1487162393029447685,"Por mucho que me cueste admitirlo, que bueno ver a lucho en el Liverpool. Pa que‚Ä¶","Por mucho que me cueste admitirlo, que bueno ver a lucho en el Liverpool. Pa que‚Ä¶",FALSE,,"<a href=""https://mobile.twitter.com"" rel=""nofollow"">Twitter Web App</a>",NA,NA,NA,NA,NA,,,,NA,FALSE,84,2466,FALSE,NA,FALSE,NA,es,NA,NA,81,NA,,NA,NA,,NA,NA,NA,NA,NA,NA,NA,NA,NA,NA
2022-01-25T17:12:01Z,1486024066683265e3,1486024066683265029,"Lesiones que sentimos como propias: la de Falcao, Arias y ahora @Eganbernal. #FuerzaEgan","Lesiones que sentimos como propias: la de Falcao, Arias y ahora @Eganbernal. #FuerzaEgan",FALSE,,"<a href=""https://mobile.twitter.com"" rel=""nofollow"">Twitter Web App</a>",NA,NA,NA,NA,NA,,,,NA,FALSE,89,2134,FALSE,NA,FALSE,NA,es,NA,NA,88,NA,,NA,NA,,NA,NA,NA,NA,NA,NA,NA,NA,NA,NA
2022-01-21T15:42:00Z,1484551862477111300,1484551862477111296,"Hoy es el d√≠a jajaja. Empezamos: ‚ÄúYo creo que eso puede reventar muy chimba‚Äù #MoratSinContexto
@JuanPabloIsazaP @SimonVargasM @gnrlmvm","Hoy es el d√≠a jajaja. Empezamos: ‚ÄúYo creo que eso puede reventar muy chimba‚Äù #MoratSinContexto
@JuanPabloIsazaP @SimonVargasM @gnrlmvm",FALSE,,"<a href=""https://mobile.twitter.com"" rel=""nofollow"">Twitter Web App</a>",NA,NA,NA,NA,NA,,,,NA,FALSE,206,2034,FALSE,NA,FALSE,NA,es,NA,NA,134,NA,,NA,NA,,NA,NA,NA,NA,NA,NA,NA,NA,NA,NA
2022-01-21T12:59:41Z,1484511013596708900,1484511013596708867,¬°Vamos Caracaaaaaaaas!,¬°Vamos Caracaaaaaaaas!,FALSE,,"<a href=""https://mobile.twitter.com"" rel=""nofollow"">Twitter Web App</a>",NA,NA,NA,NA,NA,,,,NA,FALSE,206,3797,FALSE,NA,FALSE,NA,es,NA,NA,22,NA,,NA,NA,,NA,NA,NA,NA,NA,NA,NA,NA,NA,NA
2022-01-17T14:35:53Z,1483085671690559500,1483085671690559491,"Para m√≠, ademas te tipos de comida, deber√≠a haber como g√©neros de comida; como en la m√∫sica. El mazacote, por ejemplo: el poke, la bandeja paisa, las lentejas, el tacu tacu‚Ä¶O el ‚Äúalgo sobre algo‚Äù: los tacos, el patac√≥n, la arepa‚Ä¶No se‚Ä¶ les dejo el dato.","Para m√≠, ademas te tipos de comida, deber√≠a haber como g√©neros de comida; como en la m√∫sica. El mazacote, por ejemplo: el poke, la bandeja paisa, las lentejas, el tacu tacu‚Ä¶O el ‚Äúalgo sobre algo‚Äù: los tacos, el patac√≥n, la arepa‚Ä¶No se‚Ä¶ les dejo el dato.",FALSE,,"<a href=""https://mobile.twitter.com"" rel=""nofollow"">Twitter Web App</a>",NA,NA,NA,NA,NA,,,,NA,FALSE,182,3542,FALSE,NA,FALSE,NA,es,NA,NA,253,NA,,NA,NA,,NA,NA,NA,NA,NA,NA,NA,NA,NA,NA
2022-01-15T19:23:22Z,1482433246285738e3,1482433246285737990,¬øAlguien m√°s ve una tendencia de una menor posesi√≥n de bal√≥n en lo que va del ciclo Rangnick? Mucha preparaci√≥n f√≠sica pero no hay una idea clara de juego. @RinconDelUnited @Vanisterror,¬øAlguien m√°s ve una tendencia de una menor posesi√≥n de bal√≥n en lo que va del ciclo Rangnick? Mucha preparaci√≥n f√≠sica pero no hay una idea clara de juego. @RinconDelUnited @Vanisterror,FALSE,,"<a href=""https://mobile.twitter.com"" rel=""nofollow"">Twitter Web App</a>",NA,NA,NA,NA,NA,,,,NA,FALSE,70,1737,FALSE,NA,FALSE,NA,es,NA,NA,185,NA,,NA,NA,,NA,NA,NA,NA,NA,NA,NA,NA,NA,NA
2022-01-10T21:52:23Z,1480658805222482e3,1480658805222481921,El Manchester no juega a nada‚Ä¶qu√© hpta frustraci√≥n.,El Manchester no juega a nada‚Ä¶qu√© hpta frustraci√≥n.,FALSE,,"<a href=""https://mobile.twitter.com"" rel=""nofollow"">Twitter Web App</a>",NA,NA,NA,NA,NA,,,,NA,FALSE,82,2361,FALSE,NA,FALSE,NA,es,NA,NA,51,NA,,NA,NA,,NA,NA,NA,NA,NA,NA,NA,NA,NA,NA
2022-01-10T21:28:41Z,1480652840750223400,1480652840750223362,Si fuera T√©cnico del United habr√≠a una regla: ¬°¬°¬°¬°nunca sacar a Cavani!!!!!,Si fuera T√©cnico del United habr√≠a una regla: ¬°¬°¬°¬°nunca sacar a Cavani!!!!!,FALSE,,"<a href=""https://mobile.twitter.com"" rel=""nofollow"">Twitter Web App</a>",NA,NA,NA,NA,NA,,,,NA,FALSE,103,2303,FALSE,NA,FALSE,NA,es,NA,NA,75,NA,,NA,NA,,NA,NA,NA,NA,NA,NA,NA,NA,NA,NA
2022-01-07T23:55:45Z,1479602689466159e3,1479602689466159105,¬øAlg√∫n otro rolo cree que hay una tendencia a que entre hombres se ustee cada vez menos? Tiene su magia ustear a los amigos‚Ä¶,¬øAlg√∫n otro rolo cree que hay una tendencia a que entre hombres se ustee cada vez menos? Tiene su magia ustear a los amigos‚Ä¶,FALSE,,"<a href=""https://mobile.twitter.com"" rel=""nofollow"">Twitter Web App</a>",NA,NA,NA,NA,NA,,,,NA,FALSE,152,3483,FALSE,NA,FALSE,NA,es,NA,NA,124,NA,,NA,NA,,NA,NA,NA,NA,NA,NA,NA,NA,NA,NA
2022-01-07T23:46:36Z,1479600386885537800,1479600386885537793,"@DanielSamperO @MoratBanda @JuanPabloIsazaP ¬°Mil gracias, Daniel! Ya sabe que est√° m√°s que invitado. ¬°Un abrazo grande!","@DanielSamperO @MoratBanda @JuanPabloIsazaP ¬°Mil gracias, Daniel! Ya sabe que est√° m√°s que invitado. ¬°Un abrazo grande!",FALSE,,"<a href=""https://mobile.twitter.com"" rel=""nofollow"">Twitter Web App</a>",1479467357693259800,1479467357693259787,134855279,134855279,DanielSamperO,,,,NA,FALSE,19,313,FALSE,NA,FALSE,NA,es,NA,NA,119,NA,,NA,NA,,NA,NA,NA,NA,NA,NA,NA,NA,NA,NA
2022-01-05T16:11:31Z,147876108737382e4,1478761087373819907,Recomendado el cap√≠tulo de Creatividad de En pocas palabras.,Recomendado el cap√≠tulo de Creatividad de En pocas palabras.,FALSE,,"<a href=""https://mobile.twitter.com"" rel=""nofollow"">Twitter Web App</a>",NA,NA,NA,NA,NA,,,,NA,FALSE,111,2899,FALSE,NA,FALSE,NA,es,NA,NA,60,NA,,NA,NA,,NA,NA,NA,NA,NA,NA,NA,NA,NA,NA
2022-01-02T02:18:28Z,1477464277522997200,1477464277522997253,Acabo de verme la nueva pel√≠cula de Spiderman. Entra directamente al top 3 de mis pel√≠culas favoritas de superh√©roes. Tremendaaaa,Acabo de verme la nueva pel√≠cula de Spiderman. Entra directamente al top 3 de mis pel√≠culas favoritas de superh√©roes. Tremendaaaa,FALSE,,"<a href=""https://mobile.twitter.com"" rel=""nofollow"">Twitter Web App</a>",NA,NA,NA,NA,NA,,,,NA,FALSE,356,6372,FALSE,NA,FALSE,NA,es,NA,NA,129,NA,,NA,NA,,NA,NA,NA,NA,NA,NA,NA,NA,NA,NA
2022-01-01T05:17:48Z,1477147020003627e3,1477147020003627016,¬°Feliz a√±oooooooooooooo!,¬°Feliz a√±oooooooooooooo!,FALSE,,"<a href=""https://mobile.twitter.com"" rel=""nofollow"">Twitter Web App</a>",NA,NA,NA,NA,NA,,,,NA,FALSE,670,7654,FALSE,NA,FALSE,NA,es,NA,NA,24,NA,,NA,NA,,NA,NA,NA,NA,NA,NA,NA,NA,NA,NA
2021-12-27T01:53:43Z,1475283723255963600,1475283723255963652,"Me explico: en verano, no importa que est√© haciendo un fr√≠o el hpta, siempre habr√° alg√∫n loco vestido de pantaloneta s√≥lo porque es verano. Eso siempre me ha dado risa jaja","Me explico: en verano, no importa que est√© haciendo un fr√≠o el hpta, siempre habr√° alg√∫n loco vestido de pantaloneta s√≥lo porque es verano. Eso siempre me ha dado risa jaja",FALSE,,"<a href=""https://mobile.twitter.com"" rel=""nofollow"">Twitter Web App</a>",1475283721687289900,1475283721687289857,1088873691071549400,1088873691071549440,jpvillamil8,,,,NA,FALSE,106,2339,FALSE,NA,FALSE,NA,es,NA,NA,172,NA,,NA,NA,,NA,NA,NA,NA,NA,NA,NA,NA,NA,NA
2021-12-27T01:53:43Z,1475283721687289900,1475283721687289857,"Los pa√≠ses con estaciones tienen un fen√≥meno social muy curioso: a√∫n cuando las estaciones no se ajusten al imaginario que tenemos de ellas, la gente se viste como en la teor√≠a y no como realmente se est√° sintiendo. 1/2","Los pa√≠ses con estaciones tienen un fen√≥meno social muy curioso: a√∫n cuando las estaciones no se ajusten al imaginario que tenemos de ellas, la gente se viste como en la teor√≠a y no como realmente se est√° sintiendo. 1/2",FALSE,,"<a href=""https://mobile.twitter.com"" rel=""nofollow"">Twitter Web App</a>",NA,NA,NA,NA,NA,,,,NA,FALSE,155,3210,FALSE,NA,FALSE,NA,es,NA,NA,219,NA,,NA,NA,,NA,NA,NA,NA,NA,NA,NA,NA,NA,NA
2021-12-27T00:22:53Z,1475260861954601e3,1475260861954600963,Qu√© horrible el Boxing Day sin que el United jugara,Qu√© horrible el Boxing Day sin que el United jugara,FALSE,,"<a href=""https://mobile.twitter.com"" rel=""nofollow"">Twitter Web App</a>",NA,NA,NA,NA,NA,,,,NA,FALSE,70,2031,FALSE,NA,FALSE,NA,es,NA,NA,51,NA,,NA,NA,,NA,NA,NA,NA,NA,NA,NA,NA,NA,NA
2021-12-24T17:38:42Z,1474434373021749200,1474434373021749253,¬°Feliz navidad! Les mando un fuerte abrazo. Gracias por acompa√±arnos este a√±o tan incre√≠ble.,¬°Feliz navidad! Les mando un fuerte abrazo. Gracias por acompa√±arnos este a√±o tan incre√≠ble.,FALSE,,"<a href=""https://mobile.twitter.com"" rel=""nofollow"">Twitter Web App</a>",NA,NA,NA,NA,NA,,,,NA,FALSE,699,8118,FALSE,NA,FALSE,NA,es,NA,NA,92,NA,,NA,NA,,NA,NA,NA,NA,NA,NA,NA,NA,NA,NA
2021-12-14T04:46:51Z,1470616251118588e3,1470616251118587908,"Nos acabamos de tomar una foto una chimba, pero otro d√≠a se las mostramos jajaja‚Ä¶ dentro de otros 10 a√±os jaja","Nos acabamos de tomar una foto una chimba, pero otro d√≠a se las mostramos jajaja‚Ä¶ dentro de otros 10 a√±os jaja",FALSE,,"<a href=""https://mobile.twitter.com"" rel=""nofollow"">Twitter Web App</a>",NA,NA,NA,NA,NA,,,,NA,FALSE,429,7183,FALSE,NA,FALSE,NA,es,NA,NA,110,NA,,NA,NA,,NA,NA,NA,NA,NA,NA,NA,NA,NA,NA
2021-12-12T14:34:16Z,1470039303984197600,1470039303984197642,Que incre√≠ble final de la F1 jajaja,Que incre√≠ble final de la F1 jajaja,FALSE,,"<a href=""https://mobile.twitter.com"" rel=""nofollow"">Twitter Web App</a>",NA,NA,NA,NA,NA,,,,NA,FALSE,120,2221,FALSE,NA,FALSE,NA,es,NA,NA,35,NA,,NA,NA,,NA,NA,NA,NA,NA,NA,NA,NA,NA,NA
2021-12-12T14:32:25Z,1470038837992775700,1470038837992775691,Uyyyy se compuso,Uyyyy se compuso,FALSE,,"<a href=""https://mobile.twitter.com"" rel=""nofollow"">Twitter Web App</a>",NA,NA,NA,NA,NA,,,,NA,FALSE,81,2566,FALSE,NA,FALSE,NA,es,NA,NA,16,NA,,NA,NA,,NA,NA,NA,NA,NA,NA,NA,NA,NA,NA
2021-12-12T14:30:51Z,1470038445066276900,1470038445066276874,Qu√© tristeza ese final de carrera de la F1‚Ä¶,Qu√© tristeza ese final de carrera de la F1‚Ä¶,FALSE,,"<a href=""https://mobile.twitter.com"" rel=""nofollow"">Twitter Web App</a>",NA,NA,NA,NA,NA,,,,NA,FALSE,81,1987,FALSE,NA,FALSE,NA,es,NA,NA,43,NA,,NA,NA,,NA,NA,NA,NA,NA,NA,NA,NA,NA,NA
2021-12-12T05:27:01Z,1469901582661734400,1469901582661734401,Como no extra√±ar la gira en diciembre‚Ä¶ que feliz me hace tocar para ustedes. De verdad gracias ü•≤ ü•≤ü•≤ü•≤ü•≤,Como no extra√±ar la gira en diciembre‚Ä¶ que feliz me hace tocar para ustedes. De verdad gracias ü•≤ ü•≤ü•≤ü•≤ü•≤,FALSE,,"<a href=""https://mobile.twitter.com"" rel=""nofollow"">Twitter Web App</a>",NA,NA,NA,NA,NA,,,,NA,FALSE,256,4313,FALSE,NA,FALSE,NA,es,NA,NA,101,NA,,NA,NA,,NA,NA,NA,NA,NA,NA,NA,NA,NA,NA
2021-12-11T19:44:51Z,1469755076667494400,1469755076667494407,Hoy es la final internacional de freestyle de @redbullbatalla üëåüèªüëåüèªüëåüèª,Hoy es la final internacional de freestyle de @redbullbatalla üëåüèªüëåüèªüëåüèª,FALSE,,"<a href=""https://mobile.twitter.com"" rel=""nofollow"">Twitter Web App</a>",NA,NA,NA,NA,NA,,,,NA,FALSE,85,2005,FALSE,NA,FALSE,NA,es,NA,NA,68,NA,,NA,NA,,NA,NA,NA,NA,NA,NA,NA,NA,NA,NA
2021-12-10T06:27:06Z,1469191926477897700,1469191926477897728,"Brutal el podcast de @DCoronell. Y pensar que ni toco temas como el de ‚ÄúEl vuelo fatal‚Äù, una de las columnas que m√°s intriga me gener√≥‚Ä¶","Brutal el podcast de @DCoronell. Y pensar que ni toco temas como el de ‚ÄúEl vuelo fatal‚Äù, una de las columnas que m√°s intriga me gener√≥‚Ä¶",FALSE,,"<a href=""https://mobile.twitter.com"" rel=""nofollow"">Twitter Web App</a>",NA,NA,NA,NA,NA,,,,NA,FALSE,71,1739,FALSE,NA,FALSE,NA,es,NA,NA,135,NA,,NA,NA,,NA,NA,NA,NA,NA,NA,NA,NA,NA,NA
2021-12-08T20:17:39Z,1468676168513691600,1468676168513691650,"Apoyo el transporte p√∫blico, las bicicletas y etc pero las v√≠as donde hay un √∫nico carril de carros no deber√≠an existir. Pueden ser muy peligrosas.¬øC√≥mo salir si hay un accidente?¬øQu√© hace una ambulancia en ese caso? ¬øO si lo van a robar a uno? Una reflexi√≥n ciudadana, nada m√°s.","Apoyo el transporte p√∫blico, las bicicletas y etc pero las v√≠as donde hay un √∫nico carril de carros no deber√≠an existir. Pueden ser muy peligrosas.¬øC√≥mo salir si hay un accidente?¬øQu√© hace una ambulancia en ese caso? ¬øO si lo van a robar a uno? Una reflexi√≥n ciudadana, nada m√°s.",FALSE,,"<a href=""https://mobile.twitter.com"" rel=""nofollow"">Twitter Web App</a>",NA,NA,NA,NA,NA,,,,NA,FALSE,205,3377,FALSE,NA,FALSE,NA,es,NA,NA,279,NA,,NA,NA,,NA,NA,NA,NA,NA,NA,NA,NA,NA,NA
2021-12-06T04:21:00Z,1467710641972600800,1467710641972600836,¬°Gracias Aguascalienteeeees! Por eso es que en M√©xico le voy al Necaxa jajaja,¬°Gracias Aguascalienteeeees! Por eso es que en M√©xico le voy al Necaxa jajaja,FALSE,,"<a href=""https://mobile.twitter.com"" rel=""nofollow"">Twitter Web App</a>",NA,NA,NA,NA,NA,,,,NA,FALSE,207,4168,FALSE,NA,FALSE,NA,es,NA,NA,77,NA,,NA,NA,,NA,NA,NA,NA,NA,NA,NA,NA,NA,NA
2021-12-05T05:27:17Z,1467364935474757600,1467364935474757632,"@gnrlmvm Uy Jimmy connection, perroooo!!","@gnrlmvm Uy Jimmy connection, perroooo!!",FALSE,,"<a href=""https://mobile.twitter.com"" rel=""nofollow"">Twitter Web App</a>",1467362790583242800,1467362790583242753,863421186654515200,863421186654515204,gnrlmvm,,,,NA,FALSE,71,1438,FALSE,NA,FALSE,NA,en,NA,NA,40,NA,,NA,NA,,NA,NA,NA,NA,NA,NA,NA,NA,NA,NA
2021-12-05T05:17:52Z,1467362564224991200,1467362564224991236,Llega un momento en la gira en el que ya es f√≠sicamente imposible acordarse del n√∫mero del cuarto del hotel. Lo juro.,Llega un momento en la gira en el que ya es f√≠sicamente imposible acordarse del n√∫mero del cuarto del hotel. Lo juro.,FALSE,,"<a href=""https://mobile.twitter.com"" rel=""nofollow"">Twitter Web App</a>",NA,NA,NA,NA,NA,,,,NA,FALSE,213,5396,FALSE,NA,FALSE,NA,es,NA,NA,117,NA,,NA,NA,,NA,NA,NA,NA,NA,NA,NA,NA,NA,NA
2021-11-21T00:00:44Z,1462209326743969800,1462209326743969796,Estamos en RD y me tragu√© de Santo Domingo.,Estamos en RD y me tragu√© de Santo Domingo.,FALSE,,"<a href=""https://mobile.twitter.com"" rel=""nofollow"">Twitter Web App</a>",NA,NA,NA,NA,NA,,,,NA,FALSE,120,2585,FALSE,NA,FALSE,NA,es,NA,NA,43,NA,,NA,NA,,NA,NA,NA,NA,NA,NA,NA,NA,NA,NA
2021-11-20T01:56:56Z,1461876179003138e3,1461876179003138054,En los aviones siempre hay un estereotipo de persona que habla exactamente lo suficientemente duro consigo misma para que uno apenas  la oiga. No nos mintamos. Ud lo sabe y yo tambi√©n:  ud espera que el de al lado le siga la conversaci√≥n jajajaja,En los aviones siempre hay un estereotipo de persona que habla exactamente lo suficientemente duro consigo misma para que uno apenas  la oiga. No nos mintamos. Ud lo sabe y yo tambi√©n:  ud espera que el de al lado le siga la conversaci√≥n jajajaja,FALSE,,"<a href=""https://mobile.twitter.com"" rel=""nofollow"">Twitter Web App</a>",NA,NA,NA,NA,NA,,,,NA,FALSE,208,3885,FALSE,NA,FALSE,NA,es,NA,NA,246,NA,,NA,NA,,NA,NA,NA,NA,NA,NA,NA,NA,NA,NA
2021-11-19T23:41:48Z,1461842172945342500,1461842172945342467,"@SantiCruz @MoratBanda Que capo, Santi!! Un abrazo enorme por all√°!!","@SantiCruz @MoratBanda Que capo, Santi!! Un abrazo enorme por all√°!!",FALSE,,"<a href=""https://mobile.twitter.com"" rel=""nofollow"">Twitter Web App</a>",1461125493466579e3,1461125493466578944,40445356,40445356,SantiCruz,,,,NA,FALSE,20,447,FALSE,NA,FALSE,NA,es,NA,NA,68,NA,,NA,NA,,NA,NA,NA,NA,NA,NA,NA,NA,NA,NA
2021-11-15T02:09:57Z,1460067515913191400,1460067515913191429,"¬°¬øChileeeeeee, que que?! ü§Øü§Øü§Øü§Ø","¬°¬øChileeeeeee, que que?! ü§Øü§Øü§Øü§Ø",FALSE,,"<a href=""https://mobile.twitter.com"" rel=""nofollow"">Twitter Web App</a>",NA,NA,NA,NA,NA,,,,NA,FALSE,173,3593,FALSE,NA,FALSE,NA,es,NA,NA,29,NA,,NA,NA,,NA,NA,NA,NA,NA,NA,NA,NA,NA,NA
2021-11-14T00:47:28Z,1459684369975627800,1459684369975627779,@BarbyAbacaG ¬°Hola! Los tengo. Hoy tenemos que hacer cuarentena obligatoria. ¬°Ma√±ana  te los dejo en la recepci√≥n! ¬°Abrazo!,@BarbyAbacaG ¬°Hola! Los tengo. Hoy tenemos que hacer cuarentena obligatoria. ¬°Ma√±ana  te los dejo en la recepci√≥n! ¬°Abrazo!,FALSE,,"<a href=""https://mobile.twitter.com"" rel=""nofollow"">Twitter Web App</a>",1459657428006436900,1459657428006436867,134451440,134451440,BarbyAbacaG,,,,NA,FALSE,29,1045,FALSE,NA,FALSE,NA,es,NA,NA,123,NA,,NA,NA,,NA,NA,NA,NA,NA,NA,NA,NA,NA,NA
2021-11-13T15:10:07Z,1459539077192106e3,1459539077192105987,"Vertiginoso, vertiginoso, muy vertiginoso todo.","Vertiginoso, vertiginoso, muy vertiginoso todo.",FALSE,,"<a href=""https://mobile.twitter.com"" rel=""nofollow"">Twitter Web App</a>",NA,NA,NA,NA,NA,,,,NA,FALSE,141,3049,FALSE,NA,FALSE,NA,es,NA,NA,47,NA,,NA,NA,,NA,NA,NA,NA,NA,NA,NA,NA,NA,NA
2021-11-13T04:17:30Z,1459374838792044500,1459374838792044548,Esto est√° incre√≠ble. De verdad gracias. https://t.co/rBYr18z2es,Esto est√° incre√≠ble. De verdad gracias. https://t.co/rBYr18z2es,FALSE,,"<a href=""https://mobile.twitter.com"" rel=""nofollow"">Twitter Web App</a>",NA,NA,NA,NA,NA,,,,NA,TRUE,446,4674,FALSE,NA,FALSE,NA,es,FALSE,NA,39,NA,,1459330455086547e3,1459330455086546954,,NA,NA,NA,NA,NA,NA,NA,NA,NA,NA
2021-11-13T02:32:13Z,1459348345906995200,1459348345906995204,"¬°¬°¬°Que absoluta locura lo de Bogot√°, mil gracias a todos!!! ü§Øü§Øü§Øü§Ø","¬°¬°¬°Que absoluta locura lo de Bogot√°, mil gracias a todos!!! ü§Øü§Øü§Øü§Ø",FALSE,,"<a href=""https://mobile.twitter.com"" rel=""nofollow"">Twitter Web App</a>",NA,NA,NA,NA,NA,,,,NA,FALSE,244,5550,FALSE,NA,FALSE,NA,es,NA,NA,64,NA,,NA,NA,,NA,NA,NA,NA,NA,NA,NA,NA,NA,NA
2021-11-11T23:47:37Z,1458944533866107e3,1458944533866106882,18/03/2022-Bogot√°,18/03/2022-Bogot√°,FALSE,,"<a href=""https://mobile.twitter.com"" rel=""nofollow"">Twitter Web App</a>",NA,NA,NA,NA,NA,,,,NA,FALSE,533,5632,FALSE,NA,FALSE,NA,es,NA,NA,17,NA,,NA,NA,,NA,NA,NA,NA,NA,NA,NA,NA,NA,NA
2021-11-07T21:42:57Z,1457463608909172700,1457463608909172743,"Tambi√©n, mucho capo Canelo. https://t.co/OXVtO8xaKB","Tambi√©n, mucho capo Canelo. https://t.co/OXVtO8xaKB",FALSE,,"<a href=""https://mobile.twitter.com"" rel=""nofollow"">Twitter Web App</a>",NA,NA,NA,NA,NA,,,,NA,TRUE,78,1769,FALSE,NA,FALSE,NA,es,FALSE,NA,27,NA,,1457463300640411600,1457463300640411652,,NA,NA,NA,NA,NA,NA,NA,NA,NA,NA
2021-11-07T21:35:53Z,1457461830385799200,1457461830385799169,Qu√© grande @SChecoPerez‚Ä¶,Qu√© grande @SChecoPerez‚Ä¶,FALSE,,"<a href=""https://mobile.twitter.com"" rel=""nofollow"">Twitter Web App</a>",NA,NA,NA,NA,NA,,,,NA,FALSE,119,2327,FALSE,NA,FALSE,NA,es,NA,NA,24,NA,,NA,NA,,NA,NA,NA,NA,NA,NA,NA,NA,NA,NA
2021-11-02T21:58:10Z,1455655498162786300,1455655498162786306,La pesadilla del hincha del United es hablar bien del equipo. En cualquier momento le toca a uno morderse la lengua. Pero Cristiano‚Ä¶ simplemente Cristiano por favoooooor.,La pesadilla del hincha del United es hablar bien del equipo. En cualquier momento le toca a uno morderse la lengua. Pero Cristiano‚Ä¶ simplemente Cristiano por favoooooor.,FALSE,,"<a href=""https://mobile.twitter.com"" rel=""nofollow"">Twitter Web App</a>",NA,NA,NA,NA,NA,,,,NA,FALSE,105,2414,FALSE,NA,FALSE,NA,es,NA,NA,170,NA,,NA,NA,,NA,NA,NA,NA,NA,NA,NA,NA,NA,NA
2021-10-28T01:18:31Z,1453531593864323e3,1453531593864323072,"3 cosas me tienen contento hoy:
1. El gol de Falcao.
2. El trailer de Lightyear.
3. No ser un Joven Cabal.","3 cosas me tienen contento hoy:
1. El gol de Falcao.
2. El trailer de Lightyear.
3. No ser un Joven Cabal.",FALSE,,"<a href=""https://mobile.twitter.com"" rel=""nofollow"">Twitter Web App</a>",NA,NA,NA,NA,NA,,,,NA,FALSE,1267,12114,FALSE,NA,FALSE,NA,es,NA,NA,106,NA,,NA,NA,,NA,NA,NA,NA,NA,NA,NA,NA,NA,NA
2021-10-14T17:16:29Z,1448699242239901700,1448699242239901703,Cho‚Äô capo. https://t.co/PXA9D7AKLt,Cho‚Äô capo. https://t.co/PXA9D7AKLt,FALSE,,"<a href=""https://mobile.twitter.com"" rel=""nofollow"">Twitter Web App</a>",NA,NA,NA,NA,NA,,,,NA,TRUE,49,1290,FALSE,NA,FALSE,NA,es,FALSE,NA,10,NA,,1448674124285550600,1448674124285550592,,NA,NA,NA,NA,NA,NA,NA,NA,NA,NA
2021-10-13T22:33:06Z,1448416534070714400,1448416534070714375,¬°¬°¬øVencieron los t√©rminos para Cadena?!! Ah√≠ est√° pintado este pa√≠s.,¬°¬°¬øVencieron los t√©rminos para Cadena?!! Ah√≠ est√° pintado este pa√≠s.,FALSE,,"<a href=""https://mobile.twitter.com"" rel=""nofollow"">Twitter Web App</a>",NA,NA,NA,NA,NA,,,,NA,FALSE,105,2647,FALSE,NA,FALSE,NA,es,NA,NA,68,NA,,NA,NA,,NA,NA,NA,NA,NA,NA,NA,NA,NA,NA
2021-10-07T16:16:00Z,1446147305191747600,1446147305191747590,https://t.co/lV02o8jtfx Ac√° les dejo este art√≠culo del NY Times que me tiene realmente muy emocionado. Shout-out to @JordanSalama19! @nytimes,https://t.co/lV02o8jtfx Ac√° les dejo este art√≠culo del NY Times que me tiene realmente muy emocionado. Shout-out to @JordanSalama19! @nytimes,FALSE,,"<a href=""https://mobile.twitter.com"" rel=""nofollow"">Twitter Web App</a>",NA,NA,NA,NA,NA,,,,NA,FALSE,355,2782,FALSE,NA,FALSE,NA,es,FALSE,NA,141,NA,,NA,NA,,NA,NA,NA,NA,NA,NA,NA,NA,NA,NA
2021-10-06T23:51:56Z,1445899658379681800,1445899658379681793,Que en un ba√±o haya un sensor para el jab√≥n pero no para el grifo es tan in√∫til como limpiar el bizcocho antes de entrar al ba√±o.,Que en un ba√±o haya un sensor para el jab√≥n pero no para el grifo es tan in√∫til como limpiar el bizcocho antes de entrar al ba√±o.,FALSE,,"<a href=""https://mobile.twitter.com"" rel=""nofollow"">Twitter Web App</a>",NA,NA,NA,NA,NA,,,,NA,FALSE,198,3197,FALSE,NA,FALSE,NA,es,NA,NA,129,NA,,NA,NA,,NA,NA,NA,NA,NA,NA,NA,NA,NA,NA
2021-10-04T16:46:13Z,1445067744571920400,1445067744571920385,Lunes 4 y seguimos de gira jaja,Lunes 4 y seguimos de gira jaja,FALSE,,"<a href=""https://mobile.twitter.com"" rel=""nofollow"">Twitter Web App</a>",NA,NA,NA,NA,NA,,,,NA,FALSE,866,8438,FALSE,NA,FALSE,NA,es,NA,NA,31,NA,,NA,NA,,NA,NA,NA,NA,NA,NA,NA,NA,NA,NA
2021-09-29T05:00:54Z,1443078308833411e3,1443078308833411072,Llegamos a L.A. Ahora s√≠ comenz√≥ la gira. ü§òüèΩü§òüèΩü§òüèΩü§òüèΩ,Llegamos a L.A. Ahora s√≠ comenz√≥ la gira. ü§òüèΩü§òüèΩü§òüèΩü§òüèΩ,FALSE,,"<a href=""https://mobile.twitter.com"" rel=""nofollow"">Twitter Web App</a>",NA,NA,NA,NA,NA,,,,NA,FALSE,243,4101,FALSE,NA,FALSE,NA,es,NA,NA,50,NA,,NA,NA,,NA,NA,NA,NA,NA,NA,NA,NA,NA,NA
2021-09-20T05:57:52Z,1439831153024946200,1439831153024946179,"Perd√≥nanos, Lingard, a los que algunas veces hemos dudado de ti.","Perd√≥nanos, Lingard, a los que algunas veces hemos dudado de ti.",FALSE,,"<a href=""https://mobile.twitter.com"" rel=""nofollow"">Twitter Web App</a>",NA,NA,NA,NA,NA,,,,NA,FALSE,60,2326,FALSE,NA,FALSE,NA,es,NA,NA,64,NA,,NA,NA,,NA,NA,NA,NA,NA,NA,NA,NA,NA,NA
2021-09-19T00:14:51Z,1439382441697947600,1439382441697947653,"¬°Gracias por esta gira tan incre√≠ble en Espa√±a, de verdad! ¬°¬°Ahora viene USA!! ü§òüèΩü§òüèΩ","¬°Gracias por esta gira tan incre√≠ble en Espa√±a, de verdad! ¬°¬°Ahora viene USA!! ü§òüèΩü§òüèΩ",FALSE,,"<a href=""https://mobile.twitter.com"" rel=""nofollow"">Twitter Web App</a>",NA,NA,NA,NA,NA,,,,NA,FALSE,216,4046,FALSE,NA,FALSE,NA,es,NA,NA,83,NA,,NA,NA,,NA,NA,NA,NA,NA,NA,NA,NA,NA,NA
2021-09-12T11:18:52Z,1437012832420257800,1437012832420257794,Brutaaaaaaaaal https://t.co/FhU0fsQbo6,Brutaaaaaaaaal https://t.co/FhU0fsQbo6,FALSE,,"<a href=""https://mobile.twitter.com"" rel=""nofollow"">Twitter Web App</a>",NA,NA,NA,NA,NA,,,,NA,TRUE,146,2574,FALSE,NA,FALSE,NA,no,FALSE,NA,14,NA,,1436796748375146500,1436796748375146497,,NA,NA,NA,NA,NA,NA,NA,NA,NA,NA
